"";"_Spieltag";"Datum";"Uhrzeit";"Heimmannschaft";"Gastmannschaft";"Spielsystem";"Trainer";"Zuschauer";"Ergebnis";"country"
"1";"Gruppe C";"Sa. 12.06.2010";"20:30";"England";"Vereinigte Staaten";"4-4-2 doppel 6";"Fabio Capello";"38.646";"1:1";"england"
"2";"Gruppe C";"Fr. 18.06.2010";"20:30";"England";"Algerien";"4-4-2 doppel 6";"Fabio Capello";"64.100";"0:0";"england"
"3";"Gruppe C";"Mi. 23.06.2010";"16:00";"Slowenien";"England";"4-4-2 doppel 6";"Fabio Capello";"36.893";"0:1";"england"
"4";"Achtelfinale";"So. 27.06.2010";"16:00";"Deutschland";"England";"4-4-2 doppel 6";"Fabio Capello";"40.510";"4:1";"england"
"5";"Gruppe D";"So. 15.06.2014";"00:00";"England";"Italien";"4-2-3-1";"Roy Hodgson";"39.800";"1:2";"england"
"6";"Gruppe D";"Do. 19.06.2014";"21:00";"Uruguay";"England";"4-2-3-1";"Roy Hodgson";"62.103";"2:1";"england"
"7";"Gruppe D";"Di. 24.06.2014";"18:00";"Costa Rica";"England";"4-2-3-1";"Roy Hodgson";"57.823";"0:0";"england"
"8";"Gruppe G";"Mo. 18.06.2018";"20:00";"Tunesien";"England";"3-1-4-2";"Gareth Southgate";"41.064";"1:2";"england"
"9";"Gruppe G";"So. 24.06.2018";"14:00";"England";"Panama";"3-1-4-2";"Gareth Southgate";"43.319";"6:1";"england"
"10";"Gruppe G";"Do. 28.06.2018";"20:00";"England";"Belgien";"3-5-2 flach";"Gareth Southgate";"33.973";"0:1";"england"
"11";"Achtelfinale";"Di. 03.07.2018";"20:00";"Kolumbien";"England";"3-1-4-2";"Gareth Southgate";"44.190";"4:5  n.E.";"england"
"12";"Viertelfinale";"Sa. 07.07.2018";"16:00";"Schweden";"England";"3-1-4-2";"Gareth Southgate";"39.991";"0:2";"england"
"13";"Halbfinale";"Mi. 11.07.2018";"20:00";"Kroatien";"England";"3-1-4-2";"Gareth Southgate";"78.011";"2:1  n.V.";"england"
"14";"Spiel um Platz Drei";"Sa. 14.07.2018";"16:00";"Belgien";"England";"3-5-2 flach";"Gareth Southgate";"64.406";"2:0";"england"
"15";"Gruppe B";"Mo. 21.11.2022";"14:00";"England";"Iran";"?";"Gareth Southgate";"";"-:-";"england"
"16";"Gruppe B";"Fr. 25.11.2022";"20:00";"England";"Vereinigte Staaten";"?";"Gareth Southgate";"";"-:-";"england"
"17";"Gruppe B";"Di. 29.11.2022";"20:00";"Wales";"England";"?";"Gareth Southgate";"";"-:-";"england"
"18";"Gruppe A";"Fr. 11.06.2010";"20:30";"Uruguay";"Frankreich";"4-2-3-1";"Raymond Domenech";"64.100";"0:0";"frankreich"
"19";"Gruppe A";"Do. 17.06.2010";"20:30";"Frankreich";"Mexiko";"4-2-3-1";"Raymond Domenech";"35.370";"0:2";"frankreich"
"20";"Gruppe A";"Di. 22.06.2010";"16:00";"Frankreich";"Südafrika";"4-2-3-1";"Raymond Domenech";"39.415";"1:2";"frankreich"
"21";"Gruppe E";"So. 15.06.2014";"21:00";"Frankreich";"Honduras";"4-3-3 offensiv";"Didier Deschamps";"43.012";"3:0";"frankreich"
"22";"Gruppe E";"Fr. 20.06.2014";"21:00";"Schweiz";"Frankreich";"4-3-3 offensiv";"Didier Deschamps";"51.003";"2:5";"frankreich"
"23";"Gruppe E";"Mi. 25.06.2014";"22:00";"Ecuador";"Frankreich";"4-3-3 offensiv";"Didier Deschamps";"74.545";"0:0";"frankreich"
"24";"Achtelfinale";"Mo. 30.06.2014";"18:00";"Frankreich";"Nigeria";"4-3-3 offensiv";"Didier Deschamps";"67.882";"2:0";"frankreich"
"25";"Viertelfinale";"Fr. 04.07.2014";"18:00";"Frankreich";"Deutschland";"4-3-3 offensiv";"Didier Deschamps";"74.240";"0:1";"frankreich"
"26";"Gruppe C";"Sa. 16.06.2018";"12:00";"Frankreich";"Australien";"4-3-3 offensiv";"Didier Deschamps";"41.279";"2:1";"frankreich"
"27";"Gruppe C";"Do. 21.06.2018";"17:00";"Frankreich";"Peru";"4-2-3-1";"Didier Deschamps";"32.789";"1:0";"frankreich"
"28";"Gruppe C";"Di. 26.06.2018";"16:00";"Dänemark";"Frankreich";"4-2-3-1";"Didier Deschamps";"78.011";"0:0";"frankreich"
"29";"Achtelfinale";"Sa. 30.06.2018";"16:00";"Frankreich";"Argentinien";"4-2-3-1";"Didier Deschamps";"42.873";"4:3";"frankreich"
"30";"Viertelfinale";"Fr. 06.07.2018";"16:00";"Uruguay";"Frankreich";"4-2-3-1";"Didier Deschamps";"43.319";"0:2";"frankreich"
"31";"Halbfinale";"Di. 10.07.2018";"20:00";"Frankreich";"Belgien";"4-2-3-1";"Didier Deschamps";"64.286";"1:0";"frankreich"
"32";"Finale";"So. 15.07.2018";"17:00";"Frankreich";"Kroatien";"4-2-3-1";"Didier Deschamps";"78.011";"4:2";"frankreich"
"33";"Gruppe D";"Di. 22.11.2022";"20:00";"Frankreich";"Australien";"?";"Didier Deschamps";"";"-:-";"frankreich"
"34";"Gruppe D";"Sa. 26.11.2022";"17:00";"Frankreich";"Dänemark";"?";"Didier Deschamps";"";"-:-";"frankreich"
"35";"Gruppe D";"Mi. 30.11.2022";"16:00";"Tunesien";"Frankreich";"?";"Didier Deschamps";"";"-:-";"frankreich"
"36";"Gruppe G";"Di. 15.06.2010";"20:30";"Brasilien";"Nordkorea";"4-3-1-2";"Dunga";"54.331";"2:1";"brasilien"
"37";"Gruppe G";"So. 20.06.2010";"20:30";"Brasilien";"Elfenbeinküste";"4-3-1-2";"Dunga";"84.455";"3:1";"brasilien"
"38";"Gruppe G";"Fr. 25.06.2010";"16:00";"Portugal";"Brasilien";"4-2-3-1";"Dunga";"62.712";"0:0";"brasilien"
"39";"Achtelfinale";"Mo. 28.06.2010";"20:30";"Brasilien";"Chile";"4-4-2 Raute";"Dunga";"54.096";"3:0";"brasilien"
"40";"Viertelfinale";"Fr. 02.07.2010";"16:00";"Niederlande";"Brasilien";"4-4-2 Raute";"Dunga";"40.186";"2:1";"brasilien"
"41";"Gruppe A";"Do. 12.06.2014";"22:00";"Brasilien";"Kroatien";"4-2-3-1";"Luiz Felipe Scolari";"62.103";"3:1";"brasilien"
"42";"Gruppe A";"Di. 17.06.2014";"21:00";"Brasilien";"Mexiko";"4-2-3-1";"Luiz Felipe Scolari";"60.342";"0:0";"brasilien"
"43";"Gruppe A";"Mo. 23.06.2014";"22:00";"Kamerun";"Brasilien";"4-2-3-1";"Luiz Felipe Scolari";"69.112";"1:4";"brasilien"
"44";"Achtelfinale";"Sa. 28.06.2014";"18:00";"Brasilien";"Chile";"4-2-3-1";"Luiz Felipe Scolari";"62.254";"4:3  n.E.";"brasilien"
"45";"Viertelfinale";"Fr. 04.07.2014";"22:00";"Brasilien";"Kolumbien";"4-2-3-1";"Luiz Felipe Scolari";"64.500";"2:1";"brasilien"
"46";"Halbfinale";"Di. 08.07.2014";"22:00";"Brasilien";"Deutschland";"4-2-3-1";"Luiz Felipe Scolari";"58.141";"1:7";"brasilien"
"47";"Spiel um Platz Drei";"Sa. 12.07.2014";"22:00";"Brasilien";"Niederlande";"4-2-3-1";"Luiz Felipe Scolari";"68.034";"0:3";"brasilien"
"48";"Gruppe E";"So. 17.06.2018";"20:00";"Brasilien";"Schweiz";"4-3-3 offensiv";"Tite";"43.472";"1:1";"brasilien"
"49";"Gruppe E";"Fr. 22.06.2018";"14:00";"Brasilien";"Costa Rica";"4-3-3 offensiv";"Tite";"64.468";"2:0";"brasilien"
"50";"Gruppe E";"Mi. 27.06.2018";"20:00";"Serbien";"Brasilien";"4-3-3 offensiv";"Tite";"44.190";"0:2";"brasilien"
"51";"Achtelfinale";"Mo. 02.07.2018";"16:00";"Brasilien";"Mexiko";"4-3-3 offensiv";"Tite";"41.970";"2:0";"brasilien"
"52";"Viertelfinale";"Fr. 06.07.2018";"20:00";"Brasilien";"Belgien";"4-3-3 offensiv";"Tite";"42.873";"1:2";"brasilien"
"53";"Gruppe G";"Do. 24.11.2022";"20:00";"Brasilien";"Serbien";"?";"Tite";"";"-:-";"brasilien"
"54";"Gruppe G";"Mo. 28.11.2022";"17:00";"Brasilien";"Schweiz";"?";"Tite";"";"-:-";"brasilien"
"55";"Gruppe G";"Fr. 02.12.2022";"20:00";"Kamerun";"Brasilien";"?";"Tite";"";"-:-";"brasilien"
"56";"Gruppe D";"So. 13.06.2010";"20:30";"Deutschland";"Australien";"4-2-3-1";"Joachim Löw";"62.618";"4:0";"deutschland"
"57";"Gruppe D";"Fr. 18.06.2010";"13:30";"Deutschland";"Serbien";"4-2-3-1";"Joachim Löw";"38.294";"0:1";"deutschland"
"58";"Gruppe D";"Mi. 23.06.2010";"20:30";"Ghana";"Deutschland";"4-2-3-1";"Joachim Löw";"83.391";"0:1";"deutschland"
"59";"Achtelfinale";"So. 27.06.2010";"16:00";"Deutschland";"England";"4-2-3-1";"Joachim Löw";"40.510";"4:1";"deutschland"
"60";"Viertelfinale";"Sa. 03.07.2010";"16:00";"Argentinien";"Deutschland";"4-2-3-1";"Joachim Löw";"64.100";"0:4";"deutschland"
"61";"Halbfinale";"Mi. 07.07.2010";"20:30";"Deutschland";"Spanien";"4-2-3-1";"Joachim Löw";"60.960";"0:1";"deutschland"
"62";"Spiel um Platz Drei";"Sa. 10.07.2010";"20:30";"Uruguay";"Deutschland";"4-2-3-1";"Joachim Löw";"36.254";"2:3";"deutschland"
"63";"Gruppe G";"Mo. 16.06.2014";"18:00";"Deutschland";"Portugal";"4-3-3 offensiv";"Joachim Löw";"51.081";"4:0";"deutschland"
"64";"Gruppe G";"Sa. 21.06.2014";"21:00";"Deutschland";"Ghana";"4-3-3 offensiv";"Joachim Löw";"59.621";"2:2";"deutschland"
"65";"Gruppe G";"Do. 26.06.2014";"18:00";"Vereinigte Staaten";"Deutschland";"4-3-3 offensiv";"Joachim Löw";"41.876";"0:1";"deutschland"
"66";"Achtelfinale";"Mo. 30.06.2014";"22:00";"Deutschland";"Algerien";"4-3-3 offensiv";"Joachim Löw";"43.063";"2:1  n.V.";"deutschland"
"67";"Viertelfinale";"Fr. 04.07.2014";"18:00";"Frankreich";"Deutschland";"4-3-3 offensiv";"Joachim Löw";"74.240";"0:1";"deutschland"
"68";"Halbfinale";"Di. 08.07.2014";"22:00";"Brasilien";"Deutschland";"4-3-3 offensiv";"Joachim Löw";"58.141";"1:7";"deutschland"
"69";"Finale";"So. 13.07.2014";"21:00";"Deutschland";"Argentinien";"4-3-3 offensiv";"Joachim Löw";"74.738";"1:0  n.V.";"deutschland"
"70";"Gruppe F";"So. 17.06.2018";"17:00";"Deutschland";"Mexiko";"4-2-3-1";"Joachim Löw";"78.011";"0:1";"deutschland"
"71";"Gruppe F";"Sa. 23.06.2018";"20:00";"Deutschland";"Schweden";"4-2-3-1";"Joachim Löw";"44.287";"2:1";"deutschland"
"72";"Gruppe F";"Mi. 27.06.2018";"16:00";"Südkorea";"Deutschland";"4-2-3-1";"Joachim Löw";"41.835";"2:0";"deutschland"
"73";"Gruppe E";"Mi. 23.11.2022";"14:00";"Deutschland";"Japan";"?";"Hansi Flick";"";"-:-";"deutschland"
"74";"Gruppe E";"So. 27.11.2022";"20:00";"Spanien";"Deutschland";"?";"Hansi Flick";"";"-:-";"deutschland"
"75";"Gruppe E";"Do. 01.12.2022";"20:00";"Costa Rica";"Deutschland";"?";"Hansi Flick";"";"-:-";"deutschland"
"76";"Gruppe G";"Di. 15.06.2010";"16:00";"Elfenbeinküste";"Portugal";"4-3-3 offensiv";"Carlos Queiroz";"37.034";"0:0";"portugal"
"77";"Gruppe G";"Mo. 21.06.2010";"13:30";"Portugal";"Nordkorea";"4-3-3 offensiv";"Carlos Queiroz";"63.644";"7:0";"portugal"
"78";"Gruppe G";"Fr. 25.06.2010";"16:00";"Portugal";"Brasilien";"4-1-4-1";"Carlos Queiroz";"62.712";"0:0";"portugal"
"79";"Achtelfinale";"Di. 29.06.2010";"20:30";"Spanien";"Portugal";"4-3-3 offensiv";"Carlos Queiroz";"62.955";"1:0";"portugal"
"80";"Gruppe G";"Mo. 16.06.2014";"18:00";"Deutschland";"Portugal";"4-3-3 offensiv";"Paulo Bento";"51.081";"4:0";"portugal"
"81";"Gruppe G";"Mo. 23.06.2014";"00:00";"Vereinigte Staaten";"Portugal";"4-1-4-1";"Paulo Bento";"40.123";"2:2";"portugal"
"82";"Gruppe G";"Do. 26.06.2014";"18:00";"Portugal";"Ghana";"4-3-3 offensiv";"Paulo Bento";"67.540";"2:1";"portugal"
"83";"Gruppe B";"Fr. 15.06.2018";"20:00";"Portugal";"Spanien";"4-1-3-2";"Fernando Santos";"43.866";"3:3";"portugal"
"84";"Gruppe B";"Mi. 20.06.2018";"14:00";"Portugal";"Marokko";"4-1-3-2";"Fernando Santos";"78.011";"1:0";"portugal"
"85";"Gruppe B";"Mo. 25.06.2018";"20:00";"Iran";"Portugal";"4-1-3-2";"Fernando Santos";"41.685";"1:1";"portugal"
"86";"Achtelfinale";"Sa. 30.06.2018";"20:00";"Uruguay";"Portugal";"4-1-3-2";"Fernando Santos";"44.287";"2:1";"portugal"
"87";"Gruppe H";"Do. 24.11.2022";"17:00";"Portugal";"Ghana";"?";"Fernando Santos";"";"-:-";"portugal"
"88";"Gruppe H";"Mo. 28.11.2022";"20:00";"Portugal";"Uruguay";"?";"Fernando Santos";"";"-:-";"portugal"
"89";"Gruppe H";"Fr. 02.12.2022";"16:00";"Südkorea";"Portugal";"?";"Fernando Santos";"";"-:-";"portugal"
"90";"Gruppe H";"Mi. 16.06.2010";"16:00";"Spanien";"Schweiz";"4-2-3-1";"Vicente del Bosque";"62.452";"0:1";"spanien"
"91";"Gruppe H";"Mo. 21.06.2010";"20:30";"Spanien";"Honduras";"4-2-3-1";"Vicente del Bosque";"54.386";"2:0";"spanien"
"92";"Gruppe H";"Fr. 25.06.2010";"20:30";"Chile";"Spanien";"4-2-3-1";"Vicente del Bosque";"41.958";"1:2";"spanien"
"93";"Achtelfinale";"Di. 29.06.2010";"20:30";"Spanien";"Portugal";"4-2-3-1";"Vicente del Bosque";"62.955";"1:0";"spanien"
"94";"Viertelfinale";"Sa. 03.07.2010";"20:30";"Paraguay";"Spanien";"4-2-3-1";"Vicente del Bosque";"55.395";"0:1";"spanien"
"95";"Halbfinale";"Mi. 07.07.2010";"20:30";"Deutschland";"Spanien";"4-2-3-1";"Vicente del Bosque";"60.960";"0:1";"spanien"
"96";"Finale";"So. 11.07.2010";"20:30";"Niederlande";"Spanien";"4-2-3-1";"Vicente del Bosque";"84.490";"0:1  n.V.";"spanien"
"97";"Gruppe B";"Fr. 13.06.2014";"21:00";"Spanien";"Niederlande";"4-3-3 offensiv";"Vicente del Bosque";"48.173";"1:5";"spanien"
"98";"Gruppe B";"Mi. 18.06.2014";"21:00";"Spanien";"Chile";"4-3-3 offensiv";"Vicente del Bosque";"74.101";"0:2";"spanien"
"99";"Gruppe B";"Mo. 23.06.2014";"18:00";"Australien";"Spanien";"4-3-3 offensiv";"Vicente del Bosque";"39.375";"0:3";"spanien"
"100";"Gruppe B";"Fr. 15.06.2018";"20:00";"Portugal";"Spanien";"4-3-3 offensiv";"Fernando Hierro";"43.866";"3:3";"spanien"
"101";"Gruppe B";"Mi. 20.06.2018";"20:00";"Iran";"Spanien";"4-1-4-1";"Fernando Hierro";"42.718";"0:1";"spanien"
"102";"Gruppe B";"Mo. 25.06.2018";"20:00";"Spanien";"Marokko";"4-3-3 offensiv";"Fernando Hierro";"33.973";"2:2";"spanien"
"103";"Achtelfinale";"So. 01.07.2018";"16:00";"Spanien";"Russland";"4-3-3 offensiv";"Fernando Hierro";"78.011";"4:5  n.E.";"spanien"
"104";"Gruppe E";"Mi. 23.11.2022";"17:00";"Spanien";"Costa Rica";"?";"Luis Enrique";"";"-:-";"spanien"
"105";"Gruppe E";"So. 27.11.2022";"20:00";"Spanien";"Deutschland";"?";"Luis Enrique";"";"-:-";"spanien"
"106";"Gruppe E";"Do. 01.12.2022";"20:00";"Japan";"Spanien";"?";"Luis Enrique";"";"-:-";"spanien"
"107";"Gruppe B";"Sa. 12.06.2010";"16:00";"Argentinien";"Nigeria";"4-4-2 Raute";"Diego Maradona";"55.686";"1:0";"argentinien"
"108";"Gruppe B";"Do. 17.06.2010";"13:30";"Argentinien";"Südkorea";"4-4-2 Raute";"Diego Maradona";"82.174";"4:1";"argentinien"
"109";"Gruppe B";"Di. 22.06.2010";"20:30";"Griechenland";"Argentinien";"4-4-2 Raute";"Diego Maradona";"38.891";"0:2";"argentinien"
"110";"Achtelfinale";"So. 27.06.2010";"20:30";"Argentinien";"Mexiko";"4-4-2 Raute";"Diego Maradona";"84.377";"3:1";"argentinien"
"111";"Viertelfinale";"Sa. 03.07.2010";"16:00";"Argentinien";"Deutschland";"4-4-2 Raute";"Diego Maradona";"64.100";"0:4";"argentinien"
"112";"Gruppe F";"Mo. 16.06.2014";"00:00";"Argentinien";"Bosnien-Herzegowina";"5-3-2";"Alejandro Sabella";"74.738";"2:1";"argentinien"
"113";"Gruppe F";"Sa. 21.06.2014";"18:00";"Argentinien";"Iran";"4-4-2 Raute";"Alejandro Sabella";"57.698";"1:0";"argentinien"
"114";"Gruppe F";"Mi. 25.06.2014";"18:00";"Nigeria";"Argentinien";"4-4-2 Raute";"Alejandro Sabella";"43.285";"2:3";"argentinien"
"115";"Achtelfinale";"Di. 01.07.2014";"18:00";"Argentinien";"Schweiz";"4-2-3-1";"Alejandro Sabella";"63.255";"1:0  n.V.";"argentinien"
"116";"Viertelfinale";"Sa. 05.07.2014";"18:00";"Argentinien";"Belgien";"4-2-3-1";"Alejandro Sabella";"68.551";"1:0";"argentinien"
"117";"Halbfinale";"Mi. 09.07.2014";"22:00";"Niederlande";"Argentinien";"4-4-1-1";"Alejandro Sabella";"63.267";"2:4  n.E.";"argentinien"
"118";"Finale";"So. 13.07.2014";"21:00";"Deutschland";"Argentinien";"4-2-3-1";"Alejandro Sabella";"74.738";"1:0  n.V.";"argentinien"
"119";"Gruppe D";"Sa. 16.06.2018";"15:00";"Argentinien";"Island";"4-2-3-1";"Jorge Sampaoli";"44.190";"1:1";"argentinien"
"120";"Gruppe D";"Do. 21.06.2018";"20:00";"Argentinien";"Kroatien";"3-4-2-1";"Jorge Sampaoli";"43.319";"0:3";"argentinien"
"121";"Gruppe D";"Di. 26.06.2018";"20:00";"Nigeria";"Argentinien";"4-3-3 offensiv";"Jorge Sampaoli";"64.468";"1:2";"argentinien"
"122";"Achtelfinale";"Sa. 30.06.2018";"16:00";"Frankreich";"Argentinien";"4-3-3 offensiv";"Jorge Sampaoli";"42.873";"4:3";"argentinien"
"123";"Gruppe C";"Di. 22.11.2022";"11:00";"Argentinien";"Saudi-Arabien";"?";"Lionel Scaloni";"";"-:-";"argentinien"
"124";"Gruppe C";"Sa. 26.11.2022";"20:00";"Argentinien";"Mexiko";"?";"Lionel Scaloni";"";"-:-";"argentinien"
"125";"Gruppe C";"Mi. 30.11.2022";"20:00";"Polen";"Argentinien";"?";"Lionel Scaloni";"";"-:-";"argentinien"
"126";"Gruppe E";"Mo. 14.06.2010";"13:30";"Niederlande";"Dänemark";"4-2-3-1";"Bert van Marwijk";"83.465";"2:0";"niederlande"
"127";"Gruppe E";"Sa. 19.06.2010";"13:30";"Niederlande";"Japan";"4-2-3-1";"Bert van Marwijk";"62.010";"1:0";"niederlande"
"128";"Gruppe E";"Do. 24.06.2010";"20:30";"Kamerun";"Niederlande";"4-2-3-1";"Bert van Marwijk";"63.093";"1:2";"niederlande"
"129";"Achtelfinale";"Mo. 28.06.2010";"16:00";"Niederlande";"Slowakei";"4-2-3-1";"Bert van Marwijk";"61.962";"2:1";"niederlande"
"130";"Viertelfinale";"Fr. 02.07.2010";"16:00";"Niederlande";"Brasilien";"4-2-3-1";"Bert van Marwijk";"40.186";"2:1";"niederlande"
"131";"Halbfinale";"Di. 06.07.2010";"20:30";"Uruguay";"Niederlande";"4-2-3-1";"Bert van Marwijk";"62.479";"2:3";"niederlande"
"132";"Finale";"So. 11.07.2010";"20:30";"Niederlande";"Spanien";"4-2-3-1";"Bert van Marwijk";"84.490";"0:1  n.V.";"niederlande"
"133";"Gruppe B";"Fr. 13.06.2014";"21:00";"Spanien";"Niederlande";"5-3-2";"Louis van Gaal";"48.173";"1:5";"niederlande"
"134";"Gruppe B";"Mi. 18.06.2014";"18:00";"Australien";"Niederlande";"5-3-2";"Louis van Gaal";"42.877";"2:3";"niederlande"
"135";"Gruppe B";"Mo. 23.06.2014";"18:00";"Niederlande";"Chile";"3-5-2";"Louis van Gaal";"62.699";"2:0";"niederlande"
"136";"Achtelfinale";"So. 29.06.2014";"18:00";"Niederlande";"Mexiko";"3-5-2";"Louis van Gaal";"58.817";"2:1";"niederlande"
"137";"Viertelfinale";"Sa. 05.07.2014";"22:00";"Niederlande";"Costa Rica";"3-4-3";"Louis van Gaal";"51.179";"4:3  n.E.";"niederlande"
"138";"Halbfinale";"Mi. 09.07.2014";"22:00";"Niederlande";"Argentinien";"3-5-2";"Louis van Gaal";"63.267";"2:4  n.E.";"niederlande"
"139";"Spiel um Platz Drei";"Sa. 12.07.2014";"22:00";"Brasilien";"Niederlande";"3-5-2";"Louis van Gaal";"68.034";"0:3";"niederlande"
"140";"Gruppe A";"Mo. 21.11.2022";"17:00";"Senegal";"Niederlande";"?";"Louis van Gaal";"";"-:-";"niederlande"
"141";"Gruppe A";"Fr. 25.11.2022";"17:00";"Niederlande";"Ecuador";"?";"Louis van Gaal";"";"-:-";"niederlande"
"142";"Gruppe A";"Di. 29.11.2022";"16:00";"Niederlande";"Katar";"?";"Louis van Gaal";"";"-:-";"niederlande"
"143";"Gruppe A";"Fr. 11.06.2010";"20:30";"Uruguay";"Frankreich";"3-5-2";"Óscar Tabárez";"64.100";"0:0";"uruguay"
"144";"Gruppe A";"Mi. 16.06.2010";"20:30";"Südafrika";"Uruguay";"4-4-2 Raute";"Óscar Tabárez";"42.658";"0:3";"uruguay"
"145";"Gruppe A";"Di. 22.06.2010";"16:00";"Mexiko";"Uruguay";"4-4-2 Raute";"Óscar Tabárez";"33.425";"0:1";"uruguay"
"146";"Achtelfinale";"Sa. 26.06.2010";"16:00";"Uruguay";"Südkorea";"4-4-2 Raute";"Óscar Tabárez";"30.597";"2:1";"uruguay"
"147";"Viertelfinale";"Fr. 02.07.2010";"20:30";"Uruguay";"Ghana";"4-4-2 doppel 6";"Óscar Tabárez";"84.000";"5:3  n.E.";"uruguay"
"148";"Halbfinale";"Di. 06.07.2010";"20:30";"Uruguay";"Niederlande";"4-4-2 doppel 6";"Óscar Tabárez";"62.479";"2:3";"uruguay"
"149";"Spiel um Platz Drei";"Sa. 10.07.2010";"20:30";"Uruguay";"Deutschland";"4-4-2 doppel 6";"Óscar Tabárez";"36.254";"2:3";"uruguay"
"150";"Gruppe D";"Sa. 14.06.2014";"21:00";"Uruguay";"Costa Rica";"4-4-2 doppel 6";"Óscar Tabárez";"58.679";"1:3";"uruguay"
"151";"Gruppe D";"Do. 19.06.2014";"21:00";"Uruguay";"England";"4-4-2 Raute";"Óscar Tabárez";"62.103";"2:1";"uruguay"
"152";"Gruppe D";"Di. 24.06.2014";"18:00";"Italien";"Uruguay";"4-4-2 Raute";"Óscar Tabárez";"39.000";"0:1";"uruguay"
"153";"Achtelfinale";"Sa. 28.06.2014";"22:00";"Kolumbien";"Uruguay";"5-3-2";"Óscar Tabárez";"73.804";"2:0";"uruguay"
"154";"Gruppe A";"Fr. 15.06.2018";"14:00";"Ägypten";"Uruguay";"4-4-2";"Óscar Tabárez";"27.015";"0:1";"uruguay"
"155";"Gruppe A";"Mi. 20.06.2018";"17:00";"Uruguay";"Saudi-Arabien";"4-4-2";"Óscar Tabárez";"42.678";"1:0";"uruguay"
"156";"Gruppe A";"Mo. 25.06.2018";"16:00";"Uruguay";"Russland";"4-3-1-2";"Óscar Tabárez";"41.970";"3:0";"uruguay"
"157";"Achtelfinale";"Sa. 30.06.2018";"20:00";"Uruguay";"Portugal";"4-3-1-2";"Óscar Tabárez";"44.287";"2:1";"uruguay"
"158";"Viertelfinale";"Fr. 06.07.2018";"16:00";"Uruguay";"Frankreich";"4-3-1-2";"Óscar Tabárez";"43.319";"0:2";"uruguay"
"159";"Gruppe H";"Do. 24.11.2022";"14:00";"Uruguay";"Südkorea";"?";"Diego Alonso";"";"-:-";"uruguay"
"160";"Gruppe H";"Mo. 28.11.2022";"20:00";"Portugal";"Uruguay";"?";"Diego Alonso";"";"-:-";"uruguay"
"161";"Gruppe H";"Fr. 02.12.2022";"16:00";"Ghana";"Uruguay";"?";"Diego Alonso";"";"-:-";"uruguay"
"162";"Gruppe D";"So. 13.06.2010";"16:00";"Serbien";"Ghana";"4-4-2";"Radomir Antić";"38.833";"0:1";"serbien"
"163";"Gruppe D";"Fr. 18.06.2010";"13:30";"Deutschland";"Serbien";"4-3-3 offensiv";"Radomir Antić";"38.294";"0:1";"serbien"
"164";"Gruppe D";"Mi. 23.06.2010";"20:30";"Australien";"Serbien";"4-3-3 defensiv";"Radomir Antić";"37.836";"2:1";"serbien"
"165";"Gruppe E";"So. 17.06.2018";"14:00";"Costa Rica";"Serbien";"4-2-3-1";"Mladen Krstajic";"41.970";"0:1";"serbien"
"166";"Gruppe E";"Fr. 22.06.2018";"20:00";"Serbien";"Schweiz";"4-2-3-1";"Mladen Krstajic";"33.167";"1:2";"serbien"
"167";"Gruppe E";"Mi. 27.06.2018";"20:00";"Serbien";"Brasilien";"4-2-3-1";"Mladen Krstajic";"44.190";"0:2";"serbien"
"168";"Gruppe G";"Do. 24.11.2022";"20:00";"Brasilien";"Serbien";"?";"Dragan Stojkovic";"";"-:-";"serbien"
"169";"Gruppe G";"Mo. 28.11.2022";"11:00";"Kamerun";"Serbien";"?";"Dragan Stojkovic";"";"-:-";"serbien"
"170";"Gruppe G";"Fr. 02.12.2022";"20:00";"Serbien";"Schweiz";"?";"Dragan Stojkovic";"";"-:-";"serbien"
"171";"Gruppe A";"Do. 12.06.2014";"22:00";"Brasilien";"Kroatien";"4-2-3-1";"Niko Kovac";"62.103";"3:1";"kroatien"
"172";"Gruppe A";"Do. 19.06.2014";"00:00";"Kamerun";"Kroatien";"4-2-3-1";"Niko Kovac";"39.982";"0:4";"kroatien"
"173";"Gruppe A";"Mo. 23.06.2014";"22:00";"Kroatien";"Mexiko";"4-3-3 defensiv";"Niko Kovac";"41.212";"1:3";"kroatien"
"174";"Gruppe D";"Sa. 16.06.2018";"21:00";"Kroatien";"Nigeria";"4-2-3-1";"Zlatko Dalic";"31.136";"2:0";"kroatien"
"175";"Gruppe D";"Do. 21.06.2018";"20:00";"Argentinien";"Kroatien";"4-3-3 offensiv";"Zlatko Dalic";"43.319";"0:3";"kroatien"
"176";"Gruppe D";"Di. 26.06.2018";"20:00";"Island";"Kroatien";"4-3-3 offensiv";"Zlatko Dalic";"43.472";"1:2";"kroatien"
"177";"Achtelfinale";"So. 01.07.2018";"20:00";"Kroatien";"Dänemark";"4-3-3 offensiv";"Zlatko Dalic";"43.319";"4:3  n.E.";"kroatien"
"178";"Viertelfinale";"Sa. 07.07.2018";"20:00";"Russland";"Kroatien";"4-2-3-1";"Zlatko Dalic";"44.287";"5:6  n.E.";"kroatien"
"179";"Halbfinale";"Mi. 11.07.2018";"20:00";"Kroatien";"England";"4-3-3 offensiv";"Zlatko Dalic";"78.011";"2:1  n.V.";"kroatien"
"180";"Finale";"So. 15.07.2018";"17:00";"Frankreich";"Kroatien";"4-3-3 offensiv";"Zlatko Dalic";"78.011";"4:2";"kroatien"
"181";"Gruppe F";"Mi. 23.11.2022";"11:00";"Marokko";"Kroatien";"?";"Zlatko Dalic";"";"-:-";"kroatien"
"182";"Gruppe F";"So. 27.11.2022";"17:00";"Kroatien";"Kanada";"?";"Zlatko Dalic";"";"-:-";"kroatien"
"183";"Gruppe F";"Do. 01.12.2022";"16:00";"Kroatien";"Belgien";"?";"Zlatko Dalic";"";"-:-";"kroatien"
"184";"Gruppe H";"Di. 17.06.2014";"18:00";"Belgien";"Algerien";"4-2-3-1";"Marc Wilmots";"56.800";"2:1";"belgien"
"185";"Gruppe H";"So. 22.06.2014";"18:00";"Belgien";"Russland";"4-2-3-1";"Marc Wilmots";"73.819";"1:0";"belgien"
"186";"Gruppe H";"Do. 26.06.2014";"22:00";"Südkorea";"Belgien";"4-2-3-1";"Marc Wilmots";"61.397";"0:1";"belgien"
"187";"Achtelfinale";"Di. 01.07.2014";"22:00";"Belgien";"Vereinigte Staaten";"4-2-3-1";"Marc Wilmots";"51.227";"2:1  n.V.";"belgien"
"188";"Viertelfinale";"Sa. 05.07.2014";"18:00";"Argentinien";"Belgien";"4-2-3-1";"Marc Wilmots";"68.551";"1:0";"belgien"
"189";"Gruppe G";"Mo. 18.06.2018";"17:00";"Belgien";"Panama";"3-4-2-1";"Roberto Martínez";"43.257";"3:0";"belgien"
"190";"Gruppe G";"Sa. 23.06.2018";"14:00";"Belgien";"Tunesien";"3-4-2-1";"Roberto Martínez";"44.190";"5:2";"belgien"
"191";"Gruppe G";"Do. 28.06.2018";"20:00";"England";"Belgien";"3-4-2-1";"Roberto Martínez";"33.973";"0:1";"belgien"
"192";"Achtelfinale";"Mo. 02.07.2018";"20:00";"Belgien";"Japan";"3-4-2-1";"Roberto Martínez";"41.466";"3:2";"belgien"
"193";"Viertelfinale";"Fr. 06.07.2018";"20:00";"Brasilien";"Belgien";"4-3-3 offensiv";"Roberto Martínez";"42.873";"1:2";"belgien"
"194";"Halbfinale";"Di. 10.07.2018";"20:00";"Frankreich";"Belgien";"3-4-2-1";"Roberto Martínez";"64.286";"1:0";"belgien"
"195";"Spiel um Platz Drei";"Sa. 14.07.2018";"16:00";"Belgien";"England";"3-4-2-1";"Roberto Martínez";"64.406";"2:0";"belgien"
"196";"Gruppe F";"Mi. 23.11.2022";"20:00";"Belgien";"Kanada";"?";"Roberto Martínez";"";"-:-";"belgien"
"197";"Gruppe F";"So. 27.11.2022";"14:00";"Belgien";"Marokko";"?";"Roberto Martínez";"";"-:-";"belgien"
"198";"Gruppe F";"Do. 01.12.2022";"16:00";"Kroatien";"Belgien";"?";"Roberto Martínez";"";"-:-";"belgien"
"199";"Gruppe H";"Di. 19.06.2018";"17:00";"Polen";"Senegal";"4-4-2 doppel 6";"Adam Nawalka";"44.190";"1:2";"polen"
"200";"Gruppe H";"So. 24.06.2018";"20:00";"Polen";"Kolumbien";"5-4-1 flach";"Adam Nawalka";"42.873";"0:3";"polen"
"201";"Gruppe H";"Do. 28.06.2018";"16:00";"Japan";"Polen";"5-4-1 flach";"Adam Nawalka";"42.189";"0:1";"polen"
"202";"Gruppe C";"Di. 22.11.2022";"17:00";"Mexiko";"Polen";"?";"Czeslaw Michniewicz";"";"-:-";"polen"
"203";"Gruppe C";"Sa. 26.11.2022";"14:00";"Polen";"Saudi-Arabien";"?";"Czeslaw Michniewicz";"";"-:-";"polen"
"204";"Gruppe C";"Mi. 30.11.2022";"20:00";"Polen";"Argentinien";"?";"Czeslaw Michniewicz";"";"-:-";"polen"
"205";"Gruppe H";"Di. 19.06.2018";"17:00";"Polen";"Senegal";"4-4-2 doppel 6";"Aliou Cissé";"44.190";"1:2";"senegal"
"206";"Gruppe H";"So. 24.06.2018";"17:00";"Japan";"Senegal";"4-3-3 offensiv";"Aliou Cissé";"32.572";"2:2";"senegal"
"207";"Gruppe H";"Do. 28.06.2018";"16:00";"Senegal";"Kolumbien";"4-4-2 doppel 6";"Aliou Cissé";"41.970";"0:1";"senegal"
"208";"Gruppe A";"Mo. 21.11.2022";"17:00";"Senegal";"Niederlande";"?";"Aliou Cissé";"";"-:-";"senegal"
"209";"Gruppe A";"Fr. 25.11.2022";"14:00";"Katar";"Senegal";"?";"Aliou Cissé";"";"-:-";"senegal"
"210";"Gruppe A";"Di. 29.11.2022";"16:00";"Ecuador";"Senegal";"?";"Aliou Cissé";"";"-:-";"senegal"
"211";"Gruppe E";"Mo. 14.06.2010";"13:30";"Niederlande";"Dänemark";"4-3-3 offensiv";"Morten Olsen";"83.465";"2:0";"danemark"
"212";"Gruppe E";"Sa. 19.06.2010";"20:30";"Kamerun";"Dänemark";"4-2-3-1";"Morten Olsen";"38.000";"1:2";"danemark"
"213";"Gruppe E";"Do. 24.06.2010";"20:30";"Dänemark";"Japan";"4-2-3-1";"Morten Olsen";"27.967";"1:3";"danemark"
"214";"Gruppe C";"Sa. 16.06.2018";"18:00";"Peru";"Dänemark";"4-2-3-1";"Age Hareide";"40.502";"0:1";"danemark"
"215";"Gruppe C";"Do. 21.06.2018";"14:00";"Dänemark";"Australien";"4-2-3-1";"Age Hareide";"40.727";"1:1";"danemark"
"216";"Gruppe C";"Di. 26.06.2018";"16:00";"Dänemark";"Frankreich";"4-2-3-1";"Age Hareide";"78.011";"0:0";"danemark"
"217";"Achtelfinale";"So. 01.07.2018";"20:00";"Kroatien";"Dänemark";"4-2-3-1";"Age Hareide";"43.319";"4:3  n.E.";"danemark"
"218";"Gruppe D";"Di. 22.11.2022";"14:00";"Dänemark";"Tunesien";"?";"Kasper Hjulmand";"";"-:-";"danemark"
"219";"Gruppe D";"Sa. 26.11.2022";"17:00";"Frankreich";"Dänemark";"?";"Kasper Hjulmand";"";"-:-";"danemark"
"220";"Gruppe D";"Mi. 30.11.2022";"16:00";"Australien";"Dänemark";"?";"Kasper Hjulmand";"";"-:-";"danemark"
"221";"Gruppe H";"Mi. 16.06.2010";"16:00";"Spanien";"Schweiz";"4-4-2 doppel 6";"Ottmar Hitzfeld";"62.452";"0:1";"schweiz"
"222";"Gruppe H";"Mo. 21.06.2010";"16:00";"Chile";"Schweiz";"4-4-2 doppel 6";"Ottmar Hitzfeld";"34.872";"1:0";"schweiz"
"223";"Gruppe H";"Fr. 25.06.2010";"20:30";"Schweiz";"Honduras";"4-4-2 doppel 6";"Ottmar Hitzfeld";"28.042";"0:0";"schweiz"
"224";"Gruppe E";"So. 15.06.2014";"18:00";"Schweiz";"Ecuador";"4-2-3-1";"Ottmar Hitzfeld";"68.351";"2:1";"schweiz"
"225";"Gruppe E";"Fr. 20.06.2014";"21:00";"Schweiz";"Frankreich";"4-2-3-1";"Ottmar Hitzfeld";"51.003";"2:5";"schweiz"
"226";"Gruppe E";"Mi. 25.06.2014";"22:00";"Honduras";"Schweiz";"4-2-3-1";"Ottmar Hitzfeld";"40.322";"0:3";"schweiz"
"227";"Achtelfinale";"Di. 01.07.2014";"18:00";"Argentinien";"Schweiz";"4-2-3-1";"Ottmar Hitzfeld";"63.255";"1:0  n.V.";"schweiz"
"228";"Gruppe E";"So. 17.06.2018";"20:00";"Brasilien";"Schweiz";"4-2-3-1";"Vladimir Petkovic";"43.472";"1:1";"schweiz"
"229";"Gruppe E";"Fr. 22.06.2018";"20:00";"Serbien";"Schweiz";"4-2-3-1";"Vladimir Petkovic";"33.167";"1:2";"schweiz"
"230";"Gruppe E";"Mi. 27.06.2018";"20:00";"Schweiz";"Costa Rica";"4-2-3-1";"Vladimir Petkovic";"43.319";"2:2";"schweiz"
"231";"Achtelfinale";"Di. 03.07.2018";"16:00";"Schweden";"Schweiz";"4-2-3-1";"Vladimir Petkovic";"64.042";"1:0";"schweiz"
"232";"Gruppe G";"Do. 24.11.2022";"11:00";"Schweiz";"Kamerun";"?";"Murat Yakin";"";"-:-";"schweiz"
"233";"Gruppe G";"Mo. 28.11.2022";"17:00";"Brasilien";"Schweiz";"?";"Murat Yakin";"";"-:-";"schweiz"
"234";"Gruppe G";"Fr. 02.12.2022";"20:00";"Serbien";"Schweiz";"?";"Murat Yakin";"";"-:-";"schweiz"
"235";"Gruppe B";"Fr. 15.06.2018";"17:00";"Marokko";"Iran";"4-2-3-1";"Hervé Renard";"62.548";"0:1";"marokko"
"236";"Gruppe B";"Mi. 20.06.2018";"14:00";"Portugal";"Marokko";"4-2-3-1";"Hervé Renard";"78.011";"1:0";"marokko"
"237";"Gruppe B";"Mo. 25.06.2018";"20:00";"Spanien";"Marokko";"4-2-3-1";"Hervé Renard";"33.973";"2:2";"marokko"
"238";"Gruppe F";"Mi. 23.11.2022";"11:00";"Marokko";"Kroatien";"?";"Vahid Halilhodzic";"";"-:-";"marokko"
"239";"Gruppe F";"So. 27.11.2022";"14:00";"Belgien";"Marokko";"?";"Vahid Halilhodzic";"";"-:-";"marokko"
"240";"Gruppe F";"Do. 01.12.2022";"16:00";"Kanada";"Marokko";"?";"Vahid Halilhodzic";"";"-:-";"marokko"
"241";"Gruppe C";"Sa. 12.06.2010";"20:30";"England";"Vereinigte Staaten";"4-4-2 doppel 6";"Bob Bradley";"38.646";"1:1";"vereinigte-staaten"
"242";"Gruppe C";"Fr. 18.06.2010";"16:00";"Slowenien";"Vereinigte Staaten";"4-4-2 doppel 6";"Bob Bradley";"45.573";"2:2";"vereinigte-staaten"
"243";"Gruppe C";"Mi. 23.06.2010";"16:00";"Vereinigte Staaten";"Algerien";"4-4-2 doppel 6";"Bob Bradley";"35.827";"1:0";"vereinigte-staaten"
"244";"Achtelfinale";"Sa. 26.06.2010";"20:30";"Vereinigte Staaten";"Ghana";"4-4-2 doppel 6";"Bob Bradley";"34.976";"1:2  n.V.";"vereinigte-staaten"
"245";"Gruppe G";"Di. 17.06.2014";"00:00";"Ghana";"Vereinigte Staaten";"4-2-3-1";"Jürgen Klinsmann";"39.760";"1:2";"vereinigte-staaten"
"246";"Gruppe G";"Mo. 23.06.2014";"00:00";"Vereinigte Staaten";"Portugal";"4-2-3-1";"Jürgen Klinsmann";"40.123";"2:2";"vereinigte-staaten"
"247";"Gruppe G";"Do. 26.06.2014";"18:00";"Vereinigte Staaten";"Deutschland";"4-2-3-1";"Jürgen Klinsmann";"41.876";"0:1";"vereinigte-staaten"
"248";"Achtelfinale";"Di. 01.07.2014";"22:00";"Belgien";"Vereinigte Staaten";"4-2-3-1";"Jürgen Klinsmann";"51.227";"2:1  n.V.";"vereinigte-staaten"
"249";"Gruppe B";"Mo. 21.11.2022";"20:00";"Vereinigte Staaten";"Wales";"?";"Gregg Berhalter";"";"-:-";"vereinigte-staaten"
"250";"Gruppe B";"Fr. 25.11.2022";"20:00";"England";"Vereinigte Staaten";"?";"Gregg Berhalter";"";"-:-";"vereinigte-staaten"
"251";"Gruppe B";"Di. 29.11.2022";"20:00";"Iran";"Vereinigte Staaten";"?";"Gregg Berhalter";"";"-:-";"vereinigte-staaten"
"252";"Gruppe F";"Mi. 23.11.2022";"20:00";"Belgien";"Kanada";"?";"John Herdman";"";"-:-";"kanada"
"253";"Gruppe F";"So. 27.11.2022";"17:00";"Kroatien";"Kanada";"?";"John Herdman";"";"-:-";"kanada"
"254";"Gruppe F";"Do. 01.12.2022";"16:00";"Kanada";"Marokko";"?";"John Herdman";"";"-:-";"kanada"
"255";"Gruppe B";"Mo. 21.11.2022";"20:00";"Vereinigte Staaten";"Wales";"?";"";"";"-:-";"wales"
"256";"Gruppe B";"Fr. 25.11.2022";"11:00";"Wales";"Iran";"?";"";"";"-:-";"wales"
"257";"Gruppe B";"Di. 29.11.2022";"20:00";"Wales";"England";"?";"";"";"-:-";"wales"
"258";"Gruppe E";"Mo. 14.06.2010";"16:00";"Japan";"Kamerun";"4-3-3 offensiv";"Paul Le Guen";"30.620";"1:0";"kamerun"
"259";"Gruppe E";"Sa. 19.06.2010";"20:30";"Kamerun";"Dänemark";"4-4-2 Raute";"Paul Le Guen";"38.000";"1:2";"kamerun"
"260";"Gruppe E";"Do. 24.06.2010";"20:30";"Kamerun";"Niederlande";"4-4-2 doppel 6";"Paul Le Guen";"63.093";"1:2";"kamerun"
"261";"Gruppe A";"Fr. 13.06.2014";"18:00";"Mexiko";"Kamerun";"4-3-3 offensiv";"Volker Finke";"38.958";"1:0";"kamerun"
"262";"Gruppe A";"Do. 19.06.2014";"00:00";"Kamerun";"Kroatien";"4-3-3 offensiv";"Volker Finke";"39.982";"0:4";"kamerun"
"263";"Gruppe A";"Mo. 23.06.2014";"22:00";"Kamerun";"Brasilien";"4-3-3 offensiv";"Volker Finke";"69.112";"1:4";"kamerun"
"264";"Gruppe G";"Do. 24.11.2022";"11:00";"Schweiz";"Kamerun";"?";"Rigobert Song";"";"-:-";"kamerun"
"265";"Gruppe G";"Mo. 28.11.2022";"11:00";"Kamerun";"Serbien";"?";"Rigobert Song";"";"-:-";"kamerun"
"266";"Gruppe G";"Fr. 02.12.2022";"20:00";"Kamerun";"Brasilien";"?";"Rigobert Song";"";"-:-";"kamerun"
"267";"Gruppe E";"So. 15.06.2014";"18:00";"Schweiz";"Ecuador";"4-4-2 doppel 6";"Reinaldo Rueda";"68.351";"2:1";"ecuador"
"268";"Gruppe E";"Sa. 21.06.2014";"00:01";"Honduras";"Ecuador";"4-4-2 doppel 6";"Reinaldo Rueda";"39.224";"1:2";"ecuador"
"269";"Gruppe E";"Mi. 25.06.2014";"22:00";"Ecuador";"Frankreich";"4-3-3 defensiv";"Reinaldo Rueda";"74.545";"0:0";"ecuador"
"270";"Gruppe A";"So. 20.11.2022";"17:00";"Katar";"Ecuador";"?";"Gustavo Alfaro";"";"-:-";"ecuador"
"271";"Gruppe A";"Fr. 25.11.2022";"17:00";"Niederlande";"Ecuador";"?";"Gustavo Alfaro";"";"-:-";"ecuador"
"272";"Gruppe A";"Di. 29.11.2022";"16:00";"Ecuador";"Senegal";"?";"Gustavo Alfaro";"";"-:-";"ecuador"
"273";"Gruppe D";"So. 13.06.2010";"16:00";"Serbien";"Ghana";"4-1-4-1";"Milovan Rajevac";"38.833";"0:1";"ghana"
"274";"Gruppe D";"Sa. 19.06.2010";"16:00";"Ghana";"Australien";"4-5-1";"Milovan Rajevac";"34.812";"1:1";"ghana"
"275";"Gruppe D";"Mi. 23.06.2010";"20:30";"Ghana";"Deutschland";"4-3-3 offensiv";"Milovan Rajevac";"83.391";"0:1";"ghana"
"276";"Achtelfinale";"Sa. 26.06.2010";"20:30";"Vereinigte Staaten";"Ghana";"4-1-4-1";"Milovan Rajevac";"34.976";"1:2  n.V.";"ghana"
"277";"Viertelfinale";"Fr. 02.07.2010";"20:30";"Uruguay";"Ghana";"4-1-4-1";"Milovan Rajevac";"84.000";"5:3  n.E.";"ghana"
"278";"Gruppe G";"Di. 17.06.2014";"00:00";"Ghana";"Vereinigte Staaten";"4-3-3 defensiv";"Kwesi Appiah";"39.760";"1:2";"ghana"
"279";"Gruppe G";"Sa. 21.06.2014";"21:00";"Deutschland";"Ghana";"4-2-3-1";"Kwesi Appiah";"59.621";"2:2";"ghana"
"280";"Gruppe G";"Do. 26.06.2014";"18:00";"Portugal";"Ghana";"4-4-2 doppel 6";"Kwesi Appiah";"67.540";"2:1";"ghana"
"281";"Gruppe H";"Do. 24.11.2022";"17:00";"Portugal";"Ghana";"?";"Otto Addo";"";"-:-";"ghana"
"282";"Gruppe H";"Mo. 28.11.2022";"14:00";"Südkorea";"Ghana";"?";"Otto Addo";"";"-:-";"ghana"
"283";"Gruppe H";"Fr. 02.12.2022";"16:00";"Ghana";"Uruguay";"?";"Otto Addo";"";"-:-";"ghana"
"284";"Gruppe A";"Fr. 11.06.2010";"16:00";"Südafrika";"Mexiko";"4-3-3 offensiv";"Javier Aguirre";"84.490";"1:1";"mexiko"
"285";"Gruppe A";"Do. 17.06.2010";"20:30";"Frankreich";"Mexiko";"4-3-3 offensiv";"Javier Aguirre";"35.370";"0:2";"mexiko"
"286";"Gruppe A";"Di. 22.06.2010";"16:00";"Mexiko";"Uruguay";"3-4-3";"Javier Aguirre";"33.425";"0:1";"mexiko"
"287";"Achtelfinale";"So. 27.06.2010";"20:30";"Argentinien";"Mexiko";"4-4-2 doppel 6";"Javier Aguirre";"84.377";"3:1";"mexiko"
"288";"Gruppe A";"Fr. 13.06.2014";"18:00";"Mexiko";"Kamerun";"5-3-2";"Miguel Herrera";"38.958";"1:0";"mexiko"
"289";"Gruppe A";"Di. 17.06.2014";"21:00";"Brasilien";"Mexiko";"5-3-2";"Miguel Herrera";"60.342";"0:0";"mexiko"
"290";"Gruppe A";"Mo. 23.06.2014";"22:00";"Kroatien";"Mexiko";"5-3-2";"Miguel Herrera";"41.212";"1:3";"mexiko"
"291";"Achtelfinale";"So. 29.06.2014";"18:00";"Niederlande";"Mexiko";"3-5-2 flach";"Miguel Herrera";"58.817";"2:1";"mexiko"
"292";"Gruppe F";"So. 17.06.2018";"17:00";"Deutschland";"Mexiko";"4-2-3-1";"Juan Carlos Osorio";"78.011";"0:1";"mexiko"
"293";"Gruppe F";"Sa. 23.06.2018";"17:00";"Südkorea";"Mexiko";"4-4-2 doppel 6";"Juan Carlos Osorio";"43.472";"1:2";"mexiko"
"294";"Gruppe F";"Mi. 27.06.2018";"16:00";"Mexiko";"Schweden";"4-2-3-1";"Juan Carlos Osorio";"33.061";"0:3";"mexiko"
"295";"Achtelfinale";"Mo. 02.07.2018";"16:00";"Brasilien";"Mexiko";"4-3-3 offensiv";"Juan Carlos Osorio";"41.970";"2:0";"mexiko"
"296";"Gruppe C";"Di. 22.11.2022";"17:00";"Mexiko";"Polen";"?";"Gerardo Martino";"";"-:-";"mexiko"
"297";"Gruppe C";"Sa. 26.11.2022";"20:00";"Argentinien";"Mexiko";"?";"Gerardo Martino";"";"-:-";"mexiko"
"298";"Gruppe C";"Mi. 30.11.2022";"20:00";"Saudi-Arabien";"Mexiko";"?";"Gerardo Martino";"";"-:-";"mexiko"
"299";"Gruppe F";"Mo. 16.06.2014";"21:00";"Iran";"Nigeria";"4-2-3-1";"Carlos Queiroz";"39.081";"0:0";"iran"
"300";"Gruppe F";"Sa. 21.06.2014";"18:00";"Argentinien";"Iran";"4-2-3-1";"Carlos Queiroz";"57.698";"1:0";"iran"
"301";"Gruppe F";"Mi. 25.06.2014";"18:00";"Bosnien-Herzegowina";"Iran";"4-2-3-1";"Carlos Queiroz";"48.011";"3:1";"iran"
"302";"Gruppe B";"Fr. 15.06.2018";"17:00";"Marokko";"Iran";"4-1-4-1";"Carlos Queiroz";"62.548";"0:1";"iran"
"303";"Gruppe B";"Mi. 20.06.2018";"20:00";"Iran";"Spanien";"4-1-4-1";"Carlos Queiroz";"42.718";"0:1";"iran"
"304";"Gruppe B";"Mo. 25.06.2018";"20:00";"Iran";"Portugal";"4-1-4-1";"Carlos Queiroz";"41.685";"1:1";"iran"
"305";"Gruppe B";"Mo. 21.11.2022";"14:00";"England";"Iran";"?";"Dragan Skocic";"";"-:-";"iran"
"306";"Gruppe B";"Fr. 25.11.2022";"11:00";"Wales";"Iran";"?";"Dragan Skocic";"";"-:-";"iran"
"307";"Gruppe B";"Di. 29.11.2022";"20:00";"Iran";"Vereinigte Staaten";"?";"Dragan Skocic";"";"-:-";"iran"
"308";"Gruppe D";"So. 13.06.2010";"20:30";"Deutschland";"Australien";"4-4-1-1";"Pim Verbeek";"62.618";"4:0";"australien"
"309";"Gruppe D";"Sa. 19.06.2010";"16:00";"Ghana";"Australien";"4-2-3-1";"Pim Verbeek";"34.812";"1:1";"australien"
"310";"Gruppe D";"Mi. 23.06.2010";"20:30";"Australien";"Serbien";"4-5-1";"Pim Verbeek";"37.836";"2:1";"australien"
"311";"Gruppe B";"Sa. 14.06.2014";"00:00";"Chile";"Australien";"4-2-3-1";"Ange Postecoglou";"40.275";"3:1";"australien"
"312";"Gruppe B";"Mi. 18.06.2014";"18:00";"Australien";"Niederlande";"4-2-3-1";"Ange Postecoglou";"42.877";"2:3";"australien"
"313";"Gruppe B";"Mo. 23.06.2014";"18:00";"Australien";"Spanien";"4-2-3-1";"Ange Postecoglou";"39.375";"0:3";"australien"
"314";"Gruppe C";"Sa. 16.06.2018";"12:00";"Frankreich";"Australien";"4-2-3-1";"Bert van Marwijk";"41.279";"2:1";"australien"
"315";"Gruppe C";"Do. 21.06.2018";"14:00";"Dänemark";"Australien";"4-2-3-1";"Bert van Marwijk";"40.727";"1:1";"australien"
"316";"Gruppe C";"Di. 26.06.2018";"16:00";"Australien";"Peru";"4-2-3-1";"Bert van Marwijk";"44.073";"0:2";"australien"
"317";"Gruppe D";"Di. 22.11.2022";"20:00";"Frankreich";"Australien";"?";"";"";"-:-";"australien"
"318";"Gruppe D";"Sa. 26.11.2022";"11:00";"Tunesien";"Australien";"?";"";"";"-:-";"australien"
"319";"Gruppe D";"Mi. 30.11.2022";"16:00";"Australien";"Dänemark";"?";"";"";"-:-";"australien"
"320";"Gruppe G";"Mo. 18.06.2018";"20:00";"Tunesien";"England";"4-2-3-1";"Nabil Maaloul";"41.064";"1:2";"tunesien"
"321";"Gruppe G";"Sa. 23.06.2018";"14:00";"Belgien";"Tunesien";"4-2-3-1";"Nabil Maaloul";"44.190";"5:2";"tunesien"
"322";"Gruppe G";"Do. 28.06.2018";"20:00";"Panama";"Tunesien";"4-1-4-1";"Nabil Maaloul";"37.168";"1:2";"tunesien"
"323";"Gruppe D";"Di. 22.11.2022";"14:00";"Dänemark";"Tunesien";"?";"Jalel Kadri";"";"-:-";"tunesien"
"324";"Gruppe D";"Sa. 26.11.2022";"11:00";"Tunesien";"Australien";"?";"Jalel Kadri";"";"-:-";"tunesien"
"325";"Gruppe D";"Mi. 30.11.2022";"16:00";"Tunesien";"Frankreich";"?";"Jalel Kadri";"";"-:-";"tunesien"
"326";"Gruppe A";"Do. 14.06.2018";"17:00";"Russland";"Saudi-Arabien";"4-1-4-1";"Juan Antonio Pizzi";"78.011";"5:0";"saudi-arabien"
"327";"Gruppe A";"Mi. 20.06.2018";"17:00";"Uruguay";"Saudi-Arabien";"4-2-3-1";"Juan Antonio Pizzi";"42.678";"1:0";"saudi-arabien"
"328";"Gruppe A";"Mo. 25.06.2018";"16:00";"Saudi-Arabien";"Ägypten";"4-1-4-1";"Juan Antonio Pizzi";"36.823";"2:1";"saudi-arabien"
"329";"Gruppe C";"Di. 22.11.2022";"11:00";"Argentinien";"Saudi-Arabien";"?";"Hervé Renard";"";"-:-";"saudi-arabien"
"330";"Gruppe C";"Sa. 26.11.2022";"14:00";"Polen";"Saudi-Arabien";"?";"Hervé Renard";"";"-:-";"saudi-arabien"
"331";"Gruppe C";"Mi. 30.11.2022";"20:00";"Saudi-Arabien";"Mexiko";"?";"Hervé Renard";"";"-:-";"saudi-arabien"
"332";"Gruppe E";"Mo. 14.06.2010";"16:00";"Japan";"Kamerun";"4-1-4-1";"Takeshi Okada";"30.620";"1:0";"japan"
"333";"Gruppe E";"Sa. 19.06.2010";"13:30";"Niederlande";"Japan";"4-1-4-1";"Takeshi Okada";"62.010";"1:0";"japan"
"334";"Gruppe E";"Do. 24.06.2010";"20:30";"Dänemark";"Japan";"4-1-4-1";"Takeshi Okada";"27.967";"1:3";"japan"
"335";"Achtelfinale";"Di. 29.06.2010";"16:00";"Paraguay";"Japan";"4-3-3 offensiv";"Takeshi Okada";"36.742";"5:3  n.E.";"japan"
"336";"Gruppe C";"So. 15.06.2014";"03:00";"Elfenbeinküste";"Japan";"4-2-3-1";"Alberto Zaccheroni";"40.267";"2:1";"japan"
"337";"Gruppe C";"Fr. 20.06.2014";"00:00";"Japan";"Griechenland";"4-2-3-1";"Alberto Zaccheroni";"39.485";"0:0";"japan"
"338";"Gruppe C";"Di. 24.06.2014";"22:00";"Japan";"Kolumbien";"4-2-3-1";"Alberto Zaccheroni";"40.340";"1:4";"japan"
"339";"Gruppe H";"Di. 19.06.2018";"14:00";"Kolumbien";"Japan";"4-2-3-1";"Akira Nishino";"40.842";"1:2";"japan"
"340";"Gruppe H";"So. 24.06.2018";"17:00";"Japan";"Senegal";"4-2-3-1";"Akira Nishino";"32.572";"2:2";"japan"
"341";"Gruppe H";"Do. 28.06.2018";"16:00";"Japan";"Polen";"4-2-3-1";"Akira Nishino";"42.189";"0:1";"japan"
"342";"Achtelfinale";"Mo. 02.07.2018";"20:00";"Belgien";"Japan";"4-2-3-1";"Akira Nishino";"41.466";"3:2";"japan"
"343";"Gruppe E";"Mi. 23.11.2022";"14:00";"Deutschland";"Japan";"?";"Hajime Moriyasu";"";"-:-";"japan"
"344";"Gruppe E";"So. 27.11.2022";"11:00";"Japan";"Costa Rica";"?";"Hajime Moriyasu";"";"-:-";"japan"
"345";"Gruppe E";"Do. 01.12.2022";"20:00";"Japan";"Spanien";"?";"Hajime Moriyasu";"";"-:-";"japan"
"346";"Gruppe B";"Sa. 12.06.2010";"13:30";"Südkorea";"Griechenland";"4-2-3-1";"Jung-moo Huh";"31.513";"2:0";"sudkorea"
"347";"Gruppe B";"Do. 17.06.2010";"13:30";"Argentinien";"Südkorea";"4-2-3-1";"Jung-moo Huh";"82.174";"4:1";"sudkorea"
"348";"Gruppe B";"Di. 22.06.2010";"20:30";"Nigeria";"Südkorea";"4-4-2 doppel 6";"Jung-moo Huh";"61.874";"2:2";"sudkorea"
"349";"Achtelfinale";"Sa. 26.06.2010";"16:00";"Uruguay";"Südkorea";"4-2-3-1";"Jung-moo Huh";"30.597";"2:1";"sudkorea"
"350";"Gruppe H";"Mi. 18.06.2014";"18:00";"Russland";"Südkorea";"4-2-3-1";"Myung-bo Hong";"37.603";"1:1";"sudkorea"
"351";"Gruppe H";"So. 22.06.2014";"21:00";"Südkorea";"Algerien";"4-2-3-1";"Myung-bo Hong";"42.732";"2:4";"sudkorea"
"352";"Gruppe H";"Do. 26.06.2014";"22:00";"Südkorea";"Belgien";"4-2-3-1";"Myung-bo Hong";"61.397";"0:1";"sudkorea"
"353";"Gruppe F";"Mo. 18.06.2018";"14:00";"Schweden";"Südkorea";"4-3-3 offensiv";"Tae-yong Shin";"42.300";"1:0";"sudkorea"
"354";"Gruppe F";"Sa. 23.06.2018";"17:00";"Südkorea";"Mexiko";"4-3-3 offensiv";"Tae-yong Shin";"43.472";"1:2";"sudkorea"
"355";"Gruppe F";"Mi. 27.06.2018";"16:00";"Südkorea";"Deutschland";"4-4-2 doppel 6";"Tae-yong Shin";"41.835";"2:0";"sudkorea"
"356";"Gruppe H";"Do. 24.11.2022";"14:00";"Uruguay";"Südkorea";"?";"Paulo Bento";"";"-:-";"sudkorea"
"357";"Gruppe H";"Mo. 28.11.2022";"14:00";"Südkorea";"Ghana";"?";"Paulo Bento";"";"-:-";"sudkorea"
"358";"Gruppe H";"Fr. 02.12.2022";"16:00";"Südkorea";"Portugal";"?";"Paulo Bento";"";"-:-";"sudkorea"
"359";"Gruppe A";"So. 20.11.2022";"17:00";"Katar";"Ecuador";"?";"Félix Sánchez Bas";"";"-:-";"katar"
"360";"Gruppe A";"Fr. 25.11.2022";"14:00";"Katar";"Senegal";"?";"Félix Sánchez Bas";"";"-:-";"katar"
"361";"Gruppe A";"Di. 29.11.2022";"16:00";"Niederlande";"Katar";"?";"Félix Sánchez Bas";"";"-:-";"katar"
"362";"Gruppe D";"Sa. 14.06.2014";"21:00";"Uruguay";"Costa Rica";"5-4-1 flach";"Jorge Luis Pinto";"58.679";"1:3";"costa-rica"
"363";"Gruppe D";"Fr. 20.06.2014";"18:00";"Italien";"Costa Rica";"5-4-1 flach";"Jorge Luis Pinto";"40.285";"0:1";"costa-rica"
"364";"Gruppe D";"Di. 24.06.2014";"18:00";"Costa Rica";"England";"5-4-1 flach";"Jorge Luis Pinto";"57.823";"0:0";"costa-rica"
"365";"Achtelfinale";"So. 29.06.2014";"22:00";"Costa Rica";"Griechenland";"5-4-1 flach";"Jorge Luis Pinto";"41.242";"6:4  n.E.";"costa-rica"
"366";"Viertelfinale";"Sa. 05.07.2014";"22:00";"Niederlande";"Costa Rica";"5-4-1 flach";"Jorge Luis Pinto";"51.179";"4:3  n.E.";"costa-rica"
"367";"Gruppe E";"So. 17.06.2018";"14:00";"Costa Rica";"Serbien";"5-4-1 flach";"Óscar Ramírez";"41.970";"0:1";"costa-rica"
"368";"Gruppe E";"Fr. 22.06.2018";"14:00";"Brasilien";"Costa Rica";"5-4-1 flach";"Óscar Ramírez";"64.468";"2:0";"costa-rica"
"369";"Gruppe E";"Mi. 27.06.2018";"20:00";"Schweiz";"Costa Rica";"5-4-1 flach";"Óscar Ramírez";"43.319";"2:2";"costa-rica"
"370";"Gruppe E";"Mi. 23.11.2022";"17:00";"Spanien";"Costa Rica";"?";"";"";"-:-";"costa-rica"
"371";"Gruppe E";"So. 27.11.2022";"11:00";"Japan";"Costa Rica";"?";"";"";"-:-";"costa-rica"
"372";"Gruppe E";"Do. 01.12.2022";"20:00";"Costa Rica";"Deutschland";"?";"";"";"-:-";"costa-rica"
