"_Spieltag";"Datum";"Uhrzeit";"Ort";"Rang";"Gegner";"Spielsystem";"Zuschauer";"Ergebnis";"game_name";"country"
"Gruppe H";"Fr. 07.09.2012";"20:45";"A";"";"Moldawien";"4-2-3-1";"10.250";"0:5";"WM-Qualifikation Europa";"england"
"Gruppe H";"Di. 11.09.2012";"21:00";"H";"";"Ukraine";"4-2-3-1";"68.102";"1:1";"WM-Qualifikation Europa";"england"
"Gruppe H";"Fr. 12.10.2012";"21:00";"H";"";"San Marino";"4-4-2 doppel 6";"84.654";"5:0";"WM-Qualifikation Europa";"england"
"Gruppe H";"Mi. 17.10.2012";"17:00";"A";"";"Polen";"4-2-3-1";"47.000";"1:1";"WM-Qualifikation Europa";"england"
"Gruppe H";"Fr. 22.03.2013";"21:00";"A";"";"San Marino";"4-4-2";"4.980";"0:8";"WM-Qualifikation Europa";"england"
"Gruppe H";"Di. 26.03.2013";"21:00";"A";"";"Montenegro";"4-2-3-1";"12.000";"1:1";"WM-Qualifikation Europa";"england"
"Gruppe H";"Fr. 06.09.2013";"21:00";"H";"";"Moldawien";"4-2-3-1";"61.607";"4:0";"WM-Qualifikation Europa";"england"
"Gruppe H";"Di. 10.09.2013";"20:45";"A";"";"Ukraine";"4-1-4-1";"66.000";"0:0";"WM-Qualifikation Europa";"england"
"Gruppe H";"Fr. 11.10.2013";"21:00";"H";"";"Montenegro";"4-2-3-1";"83.807";"4:1";"WM-Qualifikation Europa";"england"
"Gruppe H";"Di. 15.10.2013";"21:00";"H";"";"Polen";"4-2-3-1";"85.186";"2:0";"WM-Qualifikation Europa";"england"
"Gruppe F";"So. 04.09.2016";"18:00";"A";"";"Slowakei";"4-2-3-1";"18.111";"0:1";"WM-Qualifikation Europa";"england"
"Gruppe F";"Sa. 08.10.2016";"18:00";"H";"";"Malta";"4-3-3 offensiv";"81.718";"2:0";"WM-Qualifikation Europa";"england"
"Gruppe F";"Di. 11.10.2016";"20:45";"A";"";"Slowenien";"4-3-3 offensiv";"13.274";"0:0";"WM-Qualifikation Europa";"england"
"Gruppe F";"Fr. 11.11.2016";"20:45";"H";"";"Schottland";"4-2-3-1";"87.258";"3:0";"WM-Qualifikation Europa";"england"
"Gruppe F";"So. 26.03.2017";"18:00";"H";"";"Litauen";"4-1-4-1";"77.690";"2:0";"WM-Qualifikation Europa";"england"
"Gruppe F";"Sa. 10.06.2017";"18:00";"A";"";"Schottland";"4-2-3-1";"48.520";"2:2";"WM-Qualifikation Europa";"england"
"Gruppe F";"Fr. 01.09.2017";"20:45";"A";"";"Malta";"4-2-3-1";"16.994";"0:4";"WM-Qualifikation Europa";"england"
"Gruppe F";"Mo. 04.09.2017";"20:45";"H";"";"Slowakei";"4-2-3-1";"67.823";"2:1";"WM-Qualifikation Europa";"england"
"Gruppe F";"Do. 05.10.2017";"20:45";"H";"";"Slowenien";"4-4-2 doppel 6";"61.598";"1:0";"WM-Qualifikation Europa";"england"
"Gruppe F";"So. 08.10.2017";"18:00";"A";"";"Litauen";"3-4-1-2";"5.067";"0:1";"WM-Qualifikation Europa";"england"
"Gruppe I";"Do. 25.03.2021";"20:45";"H";"";"San Marino";"4-3-3 offensiv";"x";"5:0";"WM-Qualifikation Europa";"england"
"Gruppe I";"So. 28.03.2021";"18:00";"A";"";"Albanien";"4-2-3-1";"200";"0:2";"WM-Qualifikation Europa";"england"
"Gruppe I";"Mi. 31.03.2021";"20:45";"H";"";"Polen";"4-2-3-1";"x";"2:1";"WM-Qualifikation Europa";"england"
"Gruppe I";"Do. 02.09.2021";"20:45";"A";"";"Ungarn";"4-2-3-1";"58.260";"0:4";"WM-Qualifikation Europa";"england"
"Gruppe I";"So. 05.09.2021";"18:00";"H";"";"Andorra";"4-3-3 offensiv";"67.171";"4:0";"WM-Qualifikation Europa";"england"
"Gruppe I";"Mi. 08.09.2021";"20:45";"A";"";"Polen";"4-2-3-1";"56.212";"1:1";"WM-Qualifikation Europa";"england"
"Gruppe I";"Sa. 09.10.2021";"20:45";"A";"";"Andorra";"4-3-3 offensiv";"2.285";"0:5";"WM-Qualifikation Europa";"england"
"Gruppe I";"Di. 12.10.2021";"20:45";"H";"";"Ungarn";"4-3-3 offensiv";"69.380";"1:1";"WM-Qualifikation Europa";"england"
"Gruppe I";"Fr. 12.11.2021";"20:45";"H";"";"Albanien";"3-4-3 flach";"80.366";"5:0";"WM-Qualifikation Europa";"england"
"Gruppe I";"Mo. 15.11.2021";"20:45";"A";"";"San Marino";"3-4-2-1";"2.775";"0:10";"WM-Qualifikation Europa";"england"
"Gruppe I";"Fr. 07.09.2012";"20:30";"A";"";"Finnland";"4-3-3 offensiv";"35.111";"0:1";"WM-Qualifikation Europa";"frankreich"
"Gruppe I";"Di. 11.09.2012";"21:00";"H";"";"Belarus";"4-3-3 defensiv";"52.522";"3:1";"WM-Qualifikation Europa";"frankreich"
"Gruppe I";"Di. 16.10.2012";"21:00";"A";"";"Spanien";"4-5-1 flach";"46.000";"1:1";"WM-Qualifikation Europa";"frankreich"
"Gruppe I";"Fr. 22.03.2013";"21:00";"H";"";"Georgien";"4-4-2 doppel 6";"71.147";"3:1";"WM-Qualifikation Europa";"frankreich"
"Gruppe I";"Di. 26.03.2013";"21:00";"H";"";"Spanien";"4-3-3 offensiv";"79.959";"0:1";"WM-Qualifikation Europa";"frankreich"
"Gruppe I";"Fr. 06.09.2013";"20:15";"A";"";"Georgien";"4-4-2 doppel 6";"25.000";"0:0";"WM-Qualifikation Europa";"frankreich"
"Gruppe I";"Di. 10.09.2013";"21:00";"A";"";"Belarus";"4-4-2 doppel 6";"12.203";"2:4";"WM-Qualifikation Europa";"frankreich"
"Gruppe I";"Di. 15.10.2013";"21:00";"H";"";"Finnland";"4-2-3-1";"70.156";"3:0";"WM-Qualifikation Europa";"frankreich"
"Gruppe A";"Di. 06.09.2016";"20:45";"A";"";"Belarus";"4-2-3-1";"12.920";"0:0";"WM-Qualifikation Europa";"frankreich"
"Gruppe A";"Fr. 07.10.2016";"20:45";"H";"";"Bulgarien";"4-4-1-1";"63.430";"4:1";"WM-Qualifikation Europa";"frankreich"
"Gruppe A";"Mo. 10.10.2016";"20:45";"A";"";"Niederlande";"4-2-3-1";"50.220";"0:1";"WM-Qualifikation Europa";"frankreich"
"Gruppe A";"Fr. 11.11.2016";"20:45";"H";"";"Schweden";"4-2-3-1";"80.000";"2:1";"WM-Qualifikation Europa";"frankreich"
"Gruppe A";"Sa. 25.03.2017";"20:45";"A";"";"Luxemburg";"4-2-3-1";"8.054";"1:3";"WM-Qualifikation Europa";"frankreich"
"Gruppe A";"Fr. 09.06.2017";"20:45";"A";"";"Schweden";"4-2-3-1";"48.783";"2:1";"WM-Qualifikation Europa";"frankreich"
"Gruppe A";"Do. 31.08.2017";"20:45";"H";"";"Niederlande";"4-2-3-1";"79.551";"4:0";"WM-Qualifikation Europa";"frankreich"
"Gruppe A";"So. 03.09.2017";"20:45";"H";"";"Luxemburg";"4-4-2 doppel 6";"31.177";"0:0";"WM-Qualifikation Europa";"frankreich"
"Gruppe A";"Sa. 07.10.2017";"20:45";"A";"";"Bulgarien";"4-3-3 offensiv";"12.921";"0:1";"WM-Qualifikation Europa";"frankreich"
"Gruppe A";"Di. 10.10.2017";"20:45";"H";"";"Belarus";"4-4-2";"74.037";"2:1";"WM-Qualifikation Europa";"frankreich"
"Gruppe D";"Mi. 24.03.2021";"20:45";"H";"";"Ukraine";"4-2-3-1";"x";"1:1";"WM-Qualifikation Europa";"frankreich"
"Gruppe D";"So. 28.03.2021";"15:00";"A";"";"Kasachstan";"4-2-3-1";"x";"0:2";"WM-Qualifikation Europa";"frankreich"
"Gruppe D";"Mi. 31.03.2021";"20:45";"A";"";"Bosnien-Herzegowina";"4-4-2 doppel 6";"";"0:1";"WM-Qualifikation Europa";"frankreich"
"Gruppe D";"Mi. 01.09.2021";"20:45";"H";"";"Bosnien-Herzegowina";"4-3-3 offensiv";"";"1:1";"WM-Qualifikation Europa";"frankreich"
"Gruppe D";"Sa. 04.09.2021";"20:45";"A";"";"Ukraine";"4-3-3 offensiv";"";"1:1";"WM-Qualifikation Europa";"frankreich"
"Gruppe D";"Di. 07.09.2021";"20:45";"H";"";"Finnland";"3-4-1-2";"";"2:0";"WM-Qualifikation Europa";"frankreich"
"Gruppe D";"Sa. 13.11.2021";"20:45";"H";"";"Kasachstan";"3-4-1-2";"";"8:0";"WM-Qualifikation Europa";"frankreich"
"Gruppe D";"Di. 16.11.2021";"20:45";"A";"";"Finnland";"3-4-1-2";"";"0:2";"WM-Qualifikation Europa";"frankreich"
"Gruppe C";"Fr. 07.09.2012";"20:45";"H";"";"Färöer";"4-1-4-1";"32.769";"3:0";"WM-Qualifikation Europa";"deutschland"
"Gruppe C";"Di. 11.09.2012";"20:35";"A";"";"Österreich";"4-2-3-1";"47.000";"1:2";"WM-Qualifikation Europa";"deutschland"
"Gruppe C";"Fr. 12.10.2012";"20:45";"A";"";"Irland";"4-2-3-1";"40.000";"1:6";"WM-Qualifikation Europa";"deutschland"
"Gruppe C";"Di. 16.10.2012";"20:45";"H";"";"Schweden";"4-2-3-1";"72.369";"4:4";"WM-Qualifikation Europa";"deutschland"
"Gruppe C";"Fr. 22.03.2013";"19:00";"A";"";"Kasachstan";"4-2-3-1";"30.000";"0:3";"WM-Qualifikation Europa";"deutschland"
"Gruppe C";"Di. 26.03.2013";"20:45";"H";"";"Kasachstan";"4-2-3-1";"43.500";"4:1";"WM-Qualifikation Europa";"deutschland"
"Gruppe C";"Fr. 06.09.2013";"20:45";"H";"";"Österreich";"4-2-3-1";"68.000";"3:0";"WM-Qualifikation Europa";"deutschland"
"Gruppe C";"Di. 10.09.2013";"20:45";"A";"";"Färöer";"4-2-3-1";"4.818";"0:3";"WM-Qualifikation Europa";"deutschland"
"Gruppe C";"Fr. 11.10.2013";"20:45";"H";"";"Irland";"4-2-3-1";"46.237";"3:0";"WM-Qualifikation Europa";"deutschland"
"Gruppe C";"Di. 15.10.2013";"20:45";"A";"";"Schweden";"4-2-3-1";"50.000";"3:5";"WM-Qualifikation Europa";"deutschland"
"Gruppe C";"So. 04.09.2016";"20:45";"A";"";"Norwegen";"4-2-3-1";"26.793";"0:3";"WM-Qualifikation Europa";"deutschland"
"Gruppe C";"Sa. 08.10.2016";"20:45";"H";"";"Tschechien";"4-2-3-1";"51.299";"3:0";"WM-Qualifikation Europa";"deutschland"
"Gruppe C";"Di. 11.10.2016";"20:45";"H";"";"Nordirland";"4-2-3-1";"42.135";"2:0";"WM-Qualifikation Europa";"deutschland"
"Gruppe C";"Fr. 11.11.2016";"20:45";"A";"";"San Marino";"4-2-3-1";"3.851";"0:8";"WM-Qualifikation Europa";"deutschland"
"Gruppe C";"So. 26.03.2017";"18:00";"A";"";"Aserbaidschan";"4-2-3-1";"30.000";"1:4";"WM-Qualifikation Europa";"deutschland"
"Gruppe C";"Sa. 10.06.2017";"20:45";"H";"";"San Marino";"3-4-2-1";"32.467";"7:0";"WM-Qualifikation Europa";"deutschland"
"Gruppe C";"Fr. 01.09.2017";"20:45";"A";"";"Tschechien";"3-5-2 offensiv";"18.093";"1:2";"WM-Qualifikation Europa";"deutschland"
"Gruppe C";"Mo. 04.09.2017";"20:45";"H";"";"Norwegen";"4-2-3-1";"53.814";"6:0";"WM-Qualifikation Europa";"deutschland"
"Gruppe C";"Do. 05.10.2017";"20:45";"A";"";"Nordirland";"4-2-3-1";"18.104";"1:3";"WM-Qualifikation Europa";"deutschland"
"Gruppe C";"So. 08.10.2017";"20:45";"H";"";"Aserbaidschan";"3-5-2";"37.613";"5:1";"WM-Qualifikation Europa";"deutschland"
"Gruppe J";"Do. 25.03.2021";"20:45";"H";"";"Island";"4-3-3 offensiv";"x";"3:0";"WM-Qualifikation Europa";"deutschland"
"Gruppe J";"So. 28.03.2021";"20:45";"A";"";"Rumänien";"4-3-3 offensiv";"x";"0:1";"WM-Qualifikation Europa";"deutschland"
"Gruppe J";"Mi. 31.03.2021";"20:45";"H";"";"Nordmazedonien";"4-3-3 offensiv";"x";"1:2";"WM-Qualifikation Europa";"deutschland"
"Gruppe J";"Do. 02.09.2021";"20:45";"A";"";"Liechtenstein";"4-2-3-1";"7.958";"0:2";"WM-Qualifikation Europa";"deutschland"
"Gruppe J";"So. 05.09.2021";"20:45";"H";"";"Armenien";"4-2-3-1";"18.086";"6:0";"WM-Qualifikation Europa";"deutschland"
"Gruppe J";"Mi. 08.09.2021";"20:45";"A";"";"Island";"4-2-3-1";"3.600";"0:4";"WM-Qualifikation Europa";"deutschland"
"Gruppe J";"Fr. 08.10.2021";"20:45";"H";"";"Rumänien";"4-2-3-1";"25.000";"2:1";"WM-Qualifikation Europa";"deutschland"
"Gruppe J";"Mo. 11.10.2021";"20:45";"A";"";"Nordmazedonien";"4-2-3-1";"16.182";"0:4";"WM-Qualifikation Europa";"deutschland"
"Gruppe J";"Do. 11.11.2021";"20:45";"H";"";"Liechtenstein";"4-2-3-1";"25.984";"9:0";"WM-Qualifikation Europa";"deutschland"
"Gruppe J";"So. 14.11.2021";"18:00";"A";"";"Armenien";"4-2-3-1";"";"1:4";"WM-Qualifikation Europa";"deutschland"
"Gruppe F";"Fr. 07.09.2012";"20:45";"A";"";"Luxemburg";"4-3-3 offensiv";"8.054";"1:2";"WM-Qualifikation Europa";"portugal"
"Gruppe F";"Di. 11.09.2012";"21:15";"H";"";"Aserbaidschan";"4-3-3 offensiv";"29.972";"3:0";"WM-Qualifikation Europa";"portugal"
"Gruppe F";"Fr. 12.10.2012";"17:00";"A";"";"Russland";"4-3-3 offensiv";"54.212";"1:0";"WM-Qualifikation Europa";"portugal"
"Gruppe F";"Di. 16.10.2012";"21:45";"H";"";"Nordirland";"4-3-3 offensiv";"48.711";"1:1";"WM-Qualifikation Europa";"portugal"
"Gruppe F";"Fr. 22.03.2013";"13:45";"A";"";"Israel";"4-3-3 offensiv";"38.600";"3:3";"WM-Qualifikation Europa";"portugal"
"Gruppe F";"Di. 26.03.2013";"18:00";"A";"";"Aserbaidschan";"4-3-3 offensiv";"30.000";"0:2";"WM-Qualifikation Europa";"portugal"
"Gruppe F";"Fr. 07.06.2013";"21:45";"H";"";"Russland";"4-1-4-1";"54.697";"1:0";"WM-Qualifikation Europa";"portugal"
"Gruppe F";"Fr. 06.09.2013";"20:45";"A";"";"Nordirland";"4-3-3 offensiv";"13.629";"2:4";"WM-Qualifikation Europa";"portugal"
"Gruppe F";"Fr. 11.10.2013";"21:45";"H";"";"Israel";"4-3-3 offensiv";"48.317";"1:1";"WM-Qualifikation Europa";"portugal"
"Gruppe F";"Di. 15.10.2013";"19:00";"H";"";"Luxemburg";"4-3-3 offensiv";"18.955";"3:0";"WM-Qualifikation Europa";"portugal"
"Gruppe B";"Di. 06.09.2016";"20:45";"A";"";"Schweiz";"4-3-3 offensiv";"36.000";"2:0";"WM-Qualifikation Europa";"portugal"
"Gruppe B";"Fr. 07.10.2016";"20:45";"H";"";"Andorra";"4-4-2 doppel 6";"25.125";"6:0";"WM-Qualifikation Europa";"portugal"
"Gruppe B";"Mo. 10.10.2016";"20:45";"A";"";"Färöer";"4-1-3-2";"4.780";"0:6";"WM-Qualifikation Europa";"portugal"
"Gruppe B";"So. 13.11.2016";"20:45";"H";"";"Lettland";"4-3-3 offensiv";"20.744";"4:1";"WM-Qualifikation Europa";"portugal"
"Gruppe B";"Sa. 25.03.2017";"20:45";"H";"";"Ungarn";"4-1-4-1";"57.816";"3:0";"WM-Qualifikation Europa";"portugal"
"Gruppe B";"Fr. 09.06.2017";"20:45";"A";"";"Lettland";"4-1-3-2";"8.087";"0:3";"WM-Qualifikation Europa";"portugal"
"Gruppe B";"Do. 31.08.2017";"20:45";"H";"";"Färöer";"4-1-3-2";"25.087";"5:1";"WM-Qualifikation Europa";"portugal"
"Gruppe B";"So. 03.09.2017";"20:45";"A";"";"Ungarn";"4-1-3-2";"21.344";"0:1";"WM-Qualifikation Europa";"portugal"
"Gruppe B";"Sa. 07.10.2017";"20:45";"A";"";"Andorra";"4-1-4-1";"3.193";"0:2";"WM-Qualifikation Europa";"portugal"
"Gruppe B";"Di. 10.10.2017";"20:45";"H";"";"Schweiz";"4-1-3-2";"61.566";"2:0";"WM-Qualifikation Europa";"portugal"
"Gruppe A";"Mi. 24.03.2021";"20:45";"H";"";"Aserbaidschan";"4-1-4-1";"";"1:0";"WM-Qualifikation Europa";"portugal"
"Gruppe A";"Sa. 27.03.2021";"20:45";"A";"";"Serbien";"4-3-3 offensiv";"";"2:2";"WM-Qualifikation Europa";"portugal"
"Gruppe A";"Di. 30.03.2021";"20:45";"A";"";"Luxemburg";"4-2-3-1";"x";"1:3";"WM-Qualifikation Europa";"portugal"
"Gruppe A";"Mi. 01.09.2021";"20:45";"H";"";"Irland";"4-1-4-1";"7.831";"2:1";"WM-Qualifikation Europa";"portugal"
"Gruppe A";"Di. 07.09.2021";"18:00";"A";"";"Aserbaidschan";"4-1-4-1";"20.574";"0:3";"WM-Qualifikation Europa";"portugal"
"Gruppe A";"Di. 12.10.2021";"20:45";"H";"";"Luxemburg";"4-1-4-1";"18.553";"5:0";"WM-Qualifikation Europa";"portugal"
"Gruppe A";"Do. 11.11.2021";"20:45";"A";"";"Irland";"4-1-4-1";"50.373";"0:0";"WM-Qualifikation Europa";"portugal"
"Gruppe A";"So. 14.11.2021";"20:45";"H";"";"Serbien";"4-1-4-1";"58.373";"1:2";"WM-Qualifikation Europa";"portugal"
"Gruppe I";"Di. 11.09.2012";"19:30";"A";"";"Georgien";"4-3-3 offensiv";"70.000";"0:1";"WM-Qualifikation Europa";"spanien"
"Gruppe I";"Fr. 12.10.2012";"20:00";"A";"";"Belarus";"4-3-3 offensiv";"30.000";"0:4";"WM-Qualifikation Europa";"spanien"
"Gruppe I";"Di. 16.10.2012";"21:00";"H";"";"Frankreich";"4-3-3 offensiv";"46.000";"1:1";"WM-Qualifikation Europa";"spanien"
"Gruppe I";"Fr. 22.03.2013";"20:45";"H";"";"Finnland";"4-3-3 offensiv";"27.637";"1:1";"WM-Qualifikation Europa";"spanien"
"Gruppe I";"Di. 26.03.2013";"21:00";"A";"";"Frankreich";"4-3-3 offensiv";"79.959";"0:1";"WM-Qualifikation Europa";"spanien"
"Gruppe I";"Fr. 06.09.2013";"20:30";"A";"";"Finnland";"4-3-3 offensiv";"37.492";"0:2";"WM-Qualifikation Europa";"spanien"
"Gruppe I";"Fr. 11.10.2013";"22:00";"H";"";"Belarus";"4-3-3 offensiv";"22.900";"2:1";"WM-Qualifikation Europa";"spanien"
"Gruppe I";"Di. 15.10.2013";"21:00";"H";"";"Georgien";"4-3-3 offensiv";"16.133";"2:0";"WM-Qualifikation Europa";"spanien"
"Gruppe G";"Mo. 05.09.2016";"20:45";"H";"";"Liechtenstein";"4-3-3 offensiv";"13.000";"8:0";"WM-Qualifikation Europa";"spanien"
"Gruppe G";"Do. 06.10.2016";"20:45";"A";"";"Italien";"4-3-3 offensiv";"38.470";"1:1";"WM-Qualifikation Europa";"spanien"
"Gruppe G";"So. 09.10.2016";"20:45";"A";"";"Albanien";"4-2-3-1";"15.425";"0:2";"WM-Qualifikation Europa";"spanien"
"Gruppe G";"Sa. 12.11.2016";"20:45";"H";"";"Mazedonien";"4-3-3 offensiv";"16.622";"4:0";"WM-Qualifikation Europa";"spanien"
"Gruppe G";"Fr. 24.03.2017";"20:45";"H";"";"Israel";"4-3-3 offensiv";"20.321";"4:1";"WM-Qualifikation Europa";"spanien"
"Gruppe G";"So. 11.06.2017";"20:45";"A";"";"Mazedonien";"4-3-3 offensiv";"20.675";"1:2";"WM-Qualifikation Europa";"spanien"
"Gruppe G";"Sa. 02.09.2017";"20:45";"H";"";"Italien";"4-3-3 offensiv";"73.628";"3:0";"WM-Qualifikation Europa";"spanien"
"Gruppe G";"Di. 05.09.2017";"20:45";"A";"";"Liechtenstein";"3-4-3";"5.864";"0:8";"WM-Qualifikation Europa";"spanien"
"Gruppe G";"Fr. 06.10.2017";"20:45";"H";"";"Albanien";"4-3-3 offensiv";"25.397";"3:0";"WM-Qualifikation Europa";"spanien"
"Gruppe G";"Mo. 09.10.2017";"20:45";"A";"";"Israel";"4-2-3-1";"28.700";"0:1";"WM-Qualifikation Europa";"spanien"
"Gruppe B";"Do. 25.03.2021";"20:45";"H";"";"Griechenland";"4-1-4-1";"";"1:1";"WM-Qualifikation Europa";"spanien"
"Gruppe B";"So. 28.03.2021";"18:00";"A";"";"Georgien";"4-1-4-1";"x";"1:2";"WM-Qualifikation Europa";"spanien"
"Gruppe B";"Mi. 31.03.2021";"20:45";"H";"";"Kosovo";"4-3-3 offensiv";"x";"3:1";"WM-Qualifikation Europa";"spanien"
"Gruppe B";"Do. 02.09.2021";"20:45";"A";"";"Schweden";"4-3-3 offensiv";"";"2:1";"WM-Qualifikation Europa";"spanien"
"Gruppe B";"So. 05.09.2021";"20:45";"H";"";"Georgien";"4-3-3 offensiv";"8.444";"4:0";"WM-Qualifikation Europa";"spanien"
"Gruppe B";"Mi. 08.09.2021";"20:45";"A";"";"Kosovo";"4-3-3 offensiv";"";"0:2";"WM-Qualifikation Europa";"spanien"
"Gruppe B";"Do. 11.11.2021";"20:45";"A";"";"Griechenland";"4-3-3 offensiv";"7.825";"0:1";"WM-Qualifikation Europa";"spanien"
"Gruppe B";"So. 14.11.2021";"20:45";"H";"";"Schweden";"4-3-3 offensiv";"51.844";"1:0";"WM-Qualifikation Europa";"spanien"
"Gruppe D";"Fr. 07.09.2012";"20:30";"H";"";"Türkei";"4-3-3 offensiv";"51.628";"2:0";"WM-Qualifikation Europa";"niederlande"
"Gruppe D";"Di. 11.09.2012";"20:30";"A";"";"Ungarn";"4-3-3 offensiv";"22.000";"1:4";"WM-Qualifikation Europa";"niederlande"
"Gruppe D";"Fr. 12.10.2012";"20:30";"H";"";"Andorra";"4-3-3 offensiv";"38.000";"3:0";"WM-Qualifikation Europa";"niederlande"
"Gruppe D";"Di. 16.10.2012";"20:00";"A";"";"Rumänien";"4-3-3 offensiv";"53.329";"1:4";"WM-Qualifikation Europa";"niederlande"
"Gruppe D";"Fr. 22.03.2013";"20:30";"H";"";"Estland";"4-3-3 defensiv";"48.675";"3:0";"WM-Qualifikation Europa";"niederlande"
"Gruppe D";"Di. 26.03.2013";"20:30";"H";"";"Rumänien";"4-3-3 defensiv";"48.000";"4:0";"WM-Qualifikation Europa";"niederlande"
"Gruppe D";"Fr. 06.09.2013";"20:30";"A";"";"Estland";"4-3-3 offensiv";"10.210";"2:2";"WM-Qualifikation Europa";"niederlande"
"Gruppe D";"Di. 10.09.2013";"20:30";"A";"";"Andorra";"4-3-3 defensiv";"850";"0:2";"WM-Qualifikation Europa";"niederlande"
"Gruppe D";"Fr. 11.10.2013";"20:30";"H";"";"Ungarn";"4-3-3 defensiv";"52.072";"8:1";"WM-Qualifikation Europa";"niederlande"
"Gruppe D";"Di. 15.10.2013";"20:00";"A";"";"Türkei";"4-3-3 offensiv";"50.530";"0:2";"WM-Qualifikation Europa";"niederlande"
"Gruppe A";"Di. 06.09.2016";"20:45";"A";"";"Schweden";"4-3-3 offensiv";"36.128";"1:1";"WM-Qualifikation Europa";"niederlande"
"Gruppe A";"Fr. 07.10.2016";"20:45";"H";"";"Belarus";"4-3-3 defensiv";"41.200";"4:1";"WM-Qualifikation Europa";"niederlande"
"Gruppe A";"Mo. 10.10.2016";"20:45";"H";"";"Frankreich";"4-3-3 offensiv";"50.220";"0:1";"WM-Qualifikation Europa";"niederlande"
"Gruppe A";"So. 13.11.2016";"18:00";"A";"";"Luxemburg";"4-3-3 offensiv";"8.000";"1:3";"WM-Qualifikation Europa";"niederlande"
"Gruppe A";"Sa. 25.03.2017";"20:45";"A";"";"Bulgarien";"4-3-3 offensiv";"10.900";"2:0";"WM-Qualifikation Europa";"niederlande"
"Gruppe A";"Fr. 09.06.2017";"20:45";"H";"";"Luxemburg";"4-2-3-1";"41.300";"5:0";"WM-Qualifikation Europa";"niederlande"
"Gruppe A";"Do. 31.08.2017";"20:45";"A";"";"Frankreich";"4-3-3 defensiv";"79.551";"4:0";"WM-Qualifikation Europa";"niederlande"
"Gruppe A";"So. 03.09.2017";"18:00";"H";"";"Bulgarien";"4-3-3 defensiv";"47.079";"3:1";"WM-Qualifikation Europa";"niederlande"
"Gruppe A";"Sa. 07.10.2017";"20:45";"A";"";"Belarus";"4-3-3 defensiv";"6.850";"1:3";"WM-Qualifikation Europa";"niederlande"
"Gruppe A";"Di. 10.10.2017";"20:45";"H";"";"Schweden";"4-3-3 offensiv";"41.244";"2:0";"WM-Qualifikation Europa";"niederlande"
"Gruppe G";"Mi. 24.03.2021";"18:00";"A";"";"Türkei";"4-3-3 defensiv";"x";"4:2";"WM-Qualifikation Europa";"niederlande"
"Gruppe G";"Sa. 27.03.2021";"18:00";"H";"";"Lettland";"4-3-3 defensiv";"5.000";"2:0";"WM-Qualifikation Europa";"niederlande"
"Gruppe G";"Di. 30.03.2021";"20:45";"A";"";"Gibraltar";"4-3-3 defensiv";"335";"0:7";"WM-Qualifikation Europa";"niederlande"
"Gruppe G";"Mi. 01.09.2021";"20:45";"A";"";"Norwegen";"4-3-3 offensiv";"7.000";"1:1";"WM-Qualifikation Europa";"niederlande"
"Gruppe G";"Sa. 04.09.2021";"20:45";"H";"";"Montenegro";"4-3-3 offensiv";"20.458";"4:0";"WM-Qualifikation Europa";"niederlande"
"Gruppe G";"Di. 07.09.2021";"20:45";"H";"";"Türkei";"4-3-3 offensiv";"35.000";"6:1";"WM-Qualifikation Europa";"niederlande"
"Gruppe G";"Fr. 08.10.2021";"20:45";"A";"";"Lettland";"4-3-3 offensiv";"";"0:1";"WM-Qualifikation Europa";"niederlande"
"Gruppe G";"Mo. 11.10.2021";"20:45";"H";"";"Gibraltar";"4-3-3 offensiv";"31.583";"6:0";"WM-Qualifikation Europa";"niederlande"
"Gruppe G";"Sa. 13.11.2021";"20:45";"A";"";"Montenegro";"4-3-3 offensiv";"";"2:2";"WM-Qualifikation Europa";"niederlande"
"Gruppe G";"Di. 16.11.2021";"20:45";"H";"";"Norwegen";"4-3-3 offensiv";"x";"2:0";"WM-Qualifikation Europa";"niederlande"
"Gruppe A";"Sa. 08.09.2012";"16:00";"A";"";"Schottland";"4-3-3 defensiv";"47.369";"0:0";"WM-Qualifikation Europa";"serbien"
"Gruppe A";"Di. 11.09.2012";"20:30";"H";"";"Wales";"4-3-3 defensiv";"10.660";"6:1";"WM-Qualifikation Europa";"serbien"
"Gruppe A";"Fr. 12.10.2012";"20:30";"H";"";"Belgien";"4-3-3 defensiv";"21.650";"0:3";"WM-Qualifikation Europa";"serbien"
"Gruppe A";"Di. 16.10.2012";"20:30";"A";"";"Mazedonien";"4-2-3-1";"26.181";"1:0";"WM-Qualifikation Europa";"serbien"
"Gruppe A";"Fr. 22.03.2013";"18:00";"A";"";"Kroatien";"4-2-3-1";"37.168";"2:0";"WM-Qualifikation Europa";"serbien"
"Gruppe A";"Di. 26.03.2013";"20:30";"H";"";"Schottland";"4-2-3-1";"10.000";"2:0";"WM-Qualifikation Europa";"serbien"
"Gruppe A";"Fr. 07.06.2013";"20:45";"A";"";"Belgien";"4-2-3-1";"45.844";"2:1";"WM-Qualifikation Europa";"serbien"
"Gruppe A";"Fr. 06.09.2013";"20:45";"H";"";"Kroatien";"4-2-3-1";"35.000";"1:1";"WM-Qualifikation Europa";"serbien"
"Gruppe A";"Di. 10.09.2013";"20:45";"A";"";"Wales";"4-2-3-1";"10.923";"0:3";"WM-Qualifikation Europa";"serbien"
"Gruppe A";"Di. 15.10.2013";"20:30";"H";"";"Mazedonien";"4-2-3-1";"8.294";"5:1";"WM-Qualifikation Europa";"serbien"
"Gruppe D";"Mo. 05.09.2016";"20:45";"H";"";"Irland";"5-4-1 flach";"7.896";"2:2";"WM-Qualifikation Europa";"serbien"
"Gruppe D";"Do. 06.10.2016";"20:45";"A";"";"Moldawien";"5-4-1 flach";"6.192";"0:3";"WM-Qualifikation Europa";"serbien"
"Gruppe D";"So. 09.10.2016";"20:45";"H";"";"Österreich";"5-4-1 flach";"16.500";"3:2";"WM-Qualifikation Europa";"serbien"
"Gruppe D";"Sa. 12.11.2016";"20:45";"A";"";"Wales";"5-4-1 flach";"32.879";"1:1";"WM-Qualifikation Europa";"serbien"
"Gruppe D";"Fr. 24.03.2017";"18:00";"A";"";"Georgien";"5-4-1 flach";"31.328";"1:3";"WM-Qualifikation Europa";"serbien"
"Gruppe D";"So. 11.06.2017";"20:45";"H";"";"Wales";"5-4-1 flach";"46.673";"1:1";"WM-Qualifikation Europa";"serbien"
"Gruppe D";"Sa. 02.09.2017";"18:00";"H";"";"Moldawien";"3-4-3 flach";"9.974";"3:0";"WM-Qualifikation Europa";"serbien"
"Gruppe D";"Di. 05.09.2017";"20:45";"A";"";"Irland";"3-4-3 flach";"50.153";"0:1";"WM-Qualifikation Europa";"serbien"
"Gruppe D";"Fr. 06.10.2017";"20:45";"A";"";"Österreich";"3-4-3 flach";"42.400";"3:2";"WM-Qualifikation Europa";"serbien"
"Gruppe D";"Mo. 09.10.2017";"20:45";"H";"";"Georgien";"5-4-1 flach";"42.000";"1:0";"WM-Qualifikation Europa";"serbien"
"Gruppe A";"Mi. 24.03.2021";"20:45";"H";"";"Irland";"3-4-3 flach";"";"3:2";"WM-Qualifikation Europa";"serbien"
"Gruppe A";"Sa. 27.03.2021";"20:45";"H";"";"Portugal";"3-4-1-2";"";"2:2";"WM-Qualifikation Europa";"serbien"
"Gruppe A";"Di. 30.03.2021";"18:00";"A";"";"Aserbaidschan";"3-5-2";"x";"1:2";"WM-Qualifikation Europa";"serbien"
"Gruppe A";"Sa. 04.09.2021";"18:00";"H";"";"Luxemburg";"3-4-3 flach";"10.078";"4:1";"WM-Qualifikation Europa";"serbien"
"Gruppe A";"Di. 07.09.2021";"20:45";"A";"";"Irland";"3-4-1-2";"25.415";"1:1";"WM-Qualifikation Europa";"serbien"
"Gruppe A";"Sa. 09.10.2021";"20:45";"A";"";"Luxemburg";"3-4-1-2";"2.000";"0:1";"WM-Qualifikation Europa";"serbien"
"Gruppe A";"Di. 12.10.2021";"20:45";"H";"";"Aserbaidschan";"3-5-2";"5.890";"3:1";"WM-Qualifikation Europa";"serbien"
"Gruppe A";"So. 14.11.2021";"20:45";"A";"";"Portugal";"3-4-1-2";"58.373";"1:2";"WM-Qualifikation Europa";"serbien"
"Gruppe A";"Fr. 07.09.2012";"20:15";"H";"";"Mazedonien";"4-2-3-1";"13.883";"1:0";"WM-Qualifikation Europa";"kroatien"
"Gruppe A";"Di. 11.09.2012";"20:45";"A";"";"Belgien";"4-4-2 Raute";"39.987";"1:1";"WM-Qualifikation Europa";"kroatien"
"Gruppe A";"Fr. 12.10.2012";"20:30";"A";"";"Mazedonien";"4-4-2 Raute";"25.230";"1:2";"WM-Qualifikation Europa";"kroatien"
"Gruppe A";"Di. 16.10.2012";"20:00";"H";"";"Wales";"4-4-2 Raute";"19.500";"2:0";"WM-Qualifikation Europa";"kroatien"
"Gruppe A";"Fr. 22.03.2013";"18:00";"H";"";"Serbien";"4-4-2 Raute";"37.168";"2:0";"WM-Qualifikation Europa";"kroatien"
"Gruppe A";"Di. 26.03.2013";"20:45";"A";"";"Wales";"4-4-2 Raute";"12.534";"1:2";"WM-Qualifikation Europa";"kroatien"
"Gruppe A";"Fr. 07.06.2013";"20:15";"H";"";"Schottland";"4-4-2 Raute";"28.000";"0:1";"WM-Qualifikation Europa";"kroatien"
"Gruppe A";"Fr. 06.09.2013";"20:45";"A";"";"Serbien";"4-3-3 defensiv";"35.000";"1:1";"WM-Qualifikation Europa";"kroatien"
"Gruppe A";"Fr. 11.10.2013";"18:00";"H";"";"Belgien";"3-4-2-1";"13.000";"1:2";"WM-Qualifikation Europa";"kroatien"
"Gruppe A";"Di. 15.10.2013";"21:00";"A";"";"Schottland";"3-4-2-1";"30.172";"2:0";"WM-Qualifikation Europa";"kroatien"
"Gruppe I";"Mo. 05.09.2016";"20:45";"H";"";"Türkei";"4-3-3 offensiv";"x";"1:1";"WM-Qualifikation Europa";"kroatien"
"Gruppe I";"Do. 06.10.2016";"20:45";"A";"";"Kosovo";"4-4-2 doppel 6";"14.612";"0:6";"WM-Qualifikation Europa";"kroatien"
"Gruppe I";"So. 09.10.2016";"18:00";"A";"";"Finnland";"4-4-2 doppel 6";"15.567";"0:1";"WM-Qualifikation Europa";"kroatien"
"Gruppe I";"Sa. 12.11.2016";"18:00";"H";"";"Island";"4-2-3-1";"x";"2:0";"WM-Qualifikation Europa";"kroatien"
"Gruppe I";"Fr. 24.03.2017";"20:45";"H";"";"Ukraine";"4-2-3-1";"27.351";"1:0";"WM-Qualifikation Europa";"kroatien"
"Gruppe I";"So. 11.06.2017";"20:45";"A";"";"Island";"4-2-3-1";"9.775";"1:0";"WM-Qualifikation Europa";"kroatien"
"Gruppe I";"Sa. 02.09.2017";"20:45";"H";"";"Kosovo";"4-2-3-1";"6.838";"1:0";"WM-Qualifikation Europa";"kroatien"
"Gruppe I";"Di. 05.09.2017";"20:45";"A";"";"Türkei";"4-2-3-1";"33.000";"1:0";"WM-Qualifikation Europa";"kroatien"
"Gruppe I";"Fr. 06.10.2017";"20:45";"H";"";"Finnland";"4-2-3-1";"7.578";"1:1";"WM-Qualifikation Europa";"kroatien"
"Gruppe I";"Mo. 09.10.2017";"20:45";"A";"";"Ukraine";"4-2-3-1";"";"0:2";"WM-Qualifikation Europa";"kroatien"
"Gruppe H";"Mi. 24.03.2021";"20:45";"A";"";"Slowenien";"4-2-3-1";"";"1:0";"WM-Qualifikation Europa";"kroatien"
"Gruppe H";"Sa. 27.03.2021";"18:00";"H";"";"Zypern";"4-2-3-1";"x";"1:0";"WM-Qualifikation Europa";"kroatien"
"Gruppe H";"Di. 30.03.2021";"20:45";"H";"";"Malta";"4-2-3-1";"x";"3:0";"WM-Qualifikation Europa";"kroatien"
"Gruppe H";"Mi. 01.09.2021";"20:45";"A";"";"Russland";"4-3-3 offensiv";"18.708";"0:0";"WM-Qualifikation Europa";"kroatien"
"Gruppe H";"Sa. 04.09.2021";"20:45";"A";"";"Slowakei";"4-2-3-1";"9.047";"0:1";"WM-Qualifikation Europa";"kroatien"
"Gruppe H";"Di. 07.09.2021";"20:45";"H";"";"Slowenien";"4-2-3-1";"16.237";"3:0";"WM-Qualifikation Europa";"kroatien"
"Gruppe H";"Fr. 08.10.2021";"20:45";"A";"";"Zypern";"4-3-3 offensiv";"2.333";"0:3";"WM-Qualifikation Europa";"kroatien"
"Gruppe H";"Mo. 11.10.2021";"20:45";"H";"";"Slowakei";"4-1-4-1";"9.926";"2:2";"WM-Qualifikation Europa";"kroatien"
"Gruppe H";"Do. 11.11.2021";"20:45";"A";"";"Malta";"4-3-3 offensiv";"4.581";"1:7";"WM-Qualifikation Europa";"kroatien"
"Gruppe H";"So. 14.11.2021";"15:00";"H";"";"Russland";"4-3-3 offensiv";"30.257";"1:0";"WM-Qualifikation Europa";"kroatien"
"Gruppe A";"Fr. 07.09.2012";"20:45";"A";"";"Wales";"4-2-3-1";"20.156";"0:2";"WM-Qualifikation Europa";"belgien"
"Gruppe A";"Di. 11.09.2012";"20:45";"H";"";"Kroatien";"4-5-1 flach";"39.987";"1:1";"WM-Qualifikation Europa";"belgien"
"Gruppe A";"Fr. 12.10.2012";"20:30";"A";"";"Serbien";"4-2-3-1";"21.650";"0:3";"WM-Qualifikation Europa";"belgien"
"Gruppe A";"Di. 16.10.2012";"20:45";"H";"";"Schottland";"4-1-4-1";"44.132";"2:0";"WM-Qualifikation Europa";"belgien"
"Gruppe A";"Fr. 22.03.2013";"20:45";"A";"";"Mazedonien";"4-3-3 defensiv";"15.947";"0:2";"WM-Qualifikation Europa";"belgien"
"Gruppe A";"Di. 26.03.2013";"20:45";"H";"";"Mazedonien";"4-2-3-1";"44.230";"1:0";"WM-Qualifikation Europa";"belgien"
"Gruppe A";"Fr. 07.06.2013";"20:45";"H";"";"Serbien";"4-3-3 offensiv";"45.844";"2:1";"WM-Qualifikation Europa";"belgien"
"Gruppe A";"Fr. 06.09.2013";"21:00";"A";"";"Schottland";"4-2-3-1";"40.284";"0:2";"WM-Qualifikation Europa";"belgien"
"Gruppe A";"Fr. 11.10.2013";"18:00";"A";"";"Kroatien";"4-2-3-1";"13.000";"1:2";"WM-Qualifikation Europa";"belgien"
"Gruppe A";"Di. 15.10.2013";"21:00";"H";"";"Wales";"4-2-3-1";"45.401";"1:1";"WM-Qualifikation Europa";"belgien"
"Gruppe H";"Di. 06.09.2016";"20:45";"A";"";"Zypern";"3-4-2-1";"12.029";"0:3";"WM-Qualifikation Europa";"belgien"
"Gruppe H";"Fr. 07.10.2016";"20:45";"H";"";"Bosnien-Herzegowina";"4-2-3-1";"42.653";"4:0";"WM-Qualifikation Europa";"belgien"
"Gruppe H";"Mo. 10.10.2016";"20:45";"A";"";"Gibraltar";"3-4-2-1";"1.959";"0:6";"WM-Qualifikation Europa";"belgien"
"Gruppe H";"So. 13.11.2016";"20:45";"H";"";"Estland";"3-4-2-1";"37.128";"8:1";"WM-Qualifikation Europa";"belgien"
"Gruppe H";"Sa. 25.03.2017";"20:45";"H";"";"Griechenland";"3-4-2-1";"42.281";"1:1";"WM-Qualifikation Europa";"belgien"
"Gruppe H";"Fr. 09.06.2017";"20:45";"A";"";"Estland";"3-4-2-1";"10.176";"0:2";"WM-Qualifikation Europa";"belgien"
"Gruppe H";"Do. 31.08.2017";"20:45";"H";"";"Gibraltar";"3-4-2-1";"24.050";"9:0";"WM-Qualifikation Europa";"belgien"
"Gruppe H";"So. 03.09.2017";"20:45";"A";"";"Griechenland";"3-4-2-1";"29.465";"1:2";"WM-Qualifikation Europa";"belgien"
"Gruppe H";"Sa. 07.10.2017";"18:00";"A";"";"Bosnien-Herzegowina";"3-4-2-1";"9.657";"3:4";"WM-Qualifikation Europa";"belgien"
"Gruppe H";"Di. 10.10.2017";"20:45";"H";"";"Zypern";"3-4-2-1";"37.765";"4:0";"WM-Qualifikation Europa";"belgien"
"Gruppe E";"Mi. 24.03.2021";"20:45";"H";"";"Wales";"3-4-2-1";"x";"3:1";"WM-Qualifikation Europa";"belgien"
"Gruppe E";"Sa. 27.03.2021";"20:45";"A";"";"Tschechien";"3-4-2-1";"x";"1:1";"WM-Qualifikation Europa";"belgien"
"Gruppe E";"Di. 30.03.2021";"20:45";"H";"";"Belarus";"3-4-3 flach";"x";"8:0";"WM-Qualifikation Europa";"belgien"
"Gruppe E";"Do. 02.09.2021";"20:45";"A";"";"Estland";"3-4-2-1";"6.685";"2:5";"WM-Qualifikation Europa";"belgien"
"Gruppe E";"So. 05.09.2021";"20:45";"H";"";"Tschechien";"3-4-2-1";"";"3:0";"WM-Qualifikation Europa";"belgien"
"Gruppe E";"Mi. 08.09.2021";"20:45";"A";"";"Belarus";"3-4-3 flach";"x";"0:1";"WM-Qualifikation Europa";"belgien"
"Gruppe E";"Sa. 13.11.2021";"20:45";"H";"";"Estland";"3-4-2-1";"29.865";"3:1";"WM-Qualifikation Europa";"belgien"
"Gruppe E";"Di. 16.11.2021";"20:45";"A";"";"Wales";"3-4-1-2";"32.270";"1:1";"WM-Qualifikation Europa";"belgien"
"Gruppe B";"Sa. 08.09.2012";"20:15";"H";"";"Tschechien";"4-3-3 defensiv";"24.004";"0:0";"WM-Qualifikation Europa";"danemark"
"Gruppe B";"Fr. 12.10.2012";"20:00";"A";"";"Bulgarien";"4-2-3-1";"20.780";"1:1";"WM-Qualifikation Europa";"danemark"
"Gruppe B";"Di. 16.10.2012";"20:45";"A";"";"Italien";"4-2-3-1";"37.027";"3:1";"WM-Qualifikation Europa";"danemark"
"Gruppe B";"Fr. 22.03.2013";"20:30";"A";"";"Tschechien";"4-2-3-1";"12.288";"0:3";"WM-Qualifikation Europa";"danemark"
"Gruppe B";"Di. 26.03.2013";"20:15";"H";"";"Bulgarien";"4-2-3-1";"22.357";"1:1";"WM-Qualifikation Europa";"danemark"
"Gruppe B";"Di. 11.06.2013";"20:15";"H";"";"Armenien";"4-2-3-1";"14.284";"0:4";"WM-Qualifikation Europa";"danemark"
"Gruppe B";"Fr. 06.09.2013";"20:00";"A";"";"Malta";"4-3-3 defensiv";"5.576";"1:2";"WM-Qualifikation Europa";"danemark"
"Gruppe B";"Di. 10.09.2013";"18:00";"A";"";"Armenien";"4-3-3 defensiv";"23.000";"0:1";"WM-Qualifikation Europa";"danemark"
"Gruppe B";"Fr. 11.10.2013";"20:15";"H";"";"Italien";"4-2-3-1";"35.305";"2:2";"WM-Qualifikation Europa";"danemark"
"Gruppe B";"Di. 15.10.2013";"20:15";"H";"";"Malta";"4-3-3 defensiv";"11.479";"6:0";"WM-Qualifikation Europa";"danemark"
"Gruppe E";"So. 04.09.2016";"18:00";"H";"";"Armenien";"3-5-2";"21.795";"1:0";"WM-Qualifikation Europa";"danemark"
"Gruppe E";"Sa. 08.10.2016";"20:45";"A";"";"Polen";"3-5-2";"56.811";"3:2";"WM-Qualifikation Europa";"danemark"
"Gruppe E";"Di. 11.10.2016";"20:45";"H";"";"Montenegro";"3-5-2";"20.582";"0:1";"WM-Qualifikation Europa";"danemark"
"Gruppe E";"Fr. 11.11.2016";"20:45";"H";"";"Kasachstan";"4-3-3 defensiv";"18.901";"4:1";"WM-Qualifikation Europa";"danemark"
"Gruppe E";"So. 26.03.2017";"20:45";"A";"";"Rumänien";"5-3-2";"26.895";"0:0";"WM-Qualifikation Europa";"danemark"
"Gruppe E";"Sa. 10.06.2017";"18:00";"A";"";"Kasachstan";"4-2-3-1";"19.165";"1:3";"WM-Qualifikation Europa";"danemark"
"Gruppe E";"Fr. 01.09.2017";"20:45";"H";"";"Polen";"4-2-3-1";"34.570";"4:0";"WM-Qualifikation Europa";"danemark"
"Gruppe E";"Mo. 04.09.2017";"18:00";"A";"";"Armenien";"4-2-3-1";"6.800";"1:4";"WM-Qualifikation Europa";"danemark"
"Gruppe E";"Do. 05.10.2017";"20:45";"A";"";"Montenegro";"4-2-3-1";"10.779";"0:1";"WM-Qualifikation Europa";"danemark"
"Gruppe E";"So. 08.10.2017";"18:00";"H";"";"Rumänien";"4-2-3-1";"36.084";"1:1";"WM-Qualifikation Europa";"danemark"
"Gruppe F";"Do. 25.03.2021";"18:00";"A";"";"Israel";"4-2-3-1";"5.000";"0:2";"WM-Qualifikation Europa";"danemark"
"Gruppe F";"So. 28.03.2021";"18:00";"H";"";"Moldawien";"4-3-3 offensiv";"x";"8:0";"WM-Qualifikation Europa";"danemark"
"Gruppe F";"Mi. 31.03.2021";"20:45";"A";"";"Österreich";"4-3-3 offensiv";"";"0:4";"WM-Qualifikation Europa";"danemark"
"Gruppe F";"Mi. 01.09.2021";"20:45";"H";"";"Schottland";"3-4-3 flach";"34.562";"2:0";"WM-Qualifikation Europa";"danemark"
"Gruppe F";"Sa. 04.09.2021";"20:45";"A";"";"Färöer";"4-3-3 offensiv";"";"0:1";"WM-Qualifikation Europa";"danemark"
"Gruppe F";"Di. 07.09.2021";"20:45";"H";"";"Israel";"3-4-3 flach";"35.158";"5:0";"WM-Qualifikation Europa";"danemark"
"Gruppe F";"Sa. 09.10.2021";"20:45";"A";"";"Moldawien";"4-3-3 offensiv";"2.642";"0:4";"WM-Qualifikation Europa";"danemark"
"Gruppe F";"Di. 12.10.2021";"20:45";"H";"";"Österreich";"3-4-3 flach";"35.843";"1:0";"WM-Qualifikation Europa";"danemark"
"Gruppe F";"Fr. 12.11.2021";"20:45";"H";"";"Färöer";"4-3-3 defensiv";"35.531";"3:1";"WM-Qualifikation Europa";"danemark"
"Gruppe F";"Mo. 15.11.2021";"20:45";"A";"";"Schottland";"3-4-3 flach";"";"2:0";"WM-Qualifikation Europa";"danemark"
"Gruppe H";"Fr. 07.09.2012";"20:30";"A";"";"Montenegro";"4-2-3-1";"12.000";"2:2";"WM-Qualifikation Europa";"polen"
"Gruppe H";"Di. 11.09.2012";"20:45";"H";"";"Moldawien";"4-4-2 doppel 6";"26.145";"2:0";"WM-Qualifikation Europa";"polen"
"Gruppe H";"Mi. 17.10.2012";"17:00";"H";"";"England";"4-5-1";"47.000";"1:1";"WM-Qualifikation Europa";"polen"
"Gruppe H";"Fr. 22.03.2013";"20:45";"H";"";"Ukraine";"4-2-3-1";"55.565";"1:3";"WM-Qualifikation Europa";"polen"
"Gruppe H";"Di. 26.03.2013";"20:45";"H";"";"San Marino";"4-4-2 doppel 6";"43.008";"5:0";"WM-Qualifikation Europa";"polen"
"Gruppe H";"Fr. 07.06.2013";"20:15";"A";"";"Moldawien";"4-2-3-1";"10.500";"1:1";"WM-Qualifikation Europa";"polen"
"Gruppe H";"Fr. 06.09.2013";"20:45";"H";"";"Montenegro";"4-2-3-1";"45.652";"1:1";"WM-Qualifikation Europa";"polen"
"Gruppe H";"Di. 10.09.2013";"20:45";"A";"";"San Marino";"4-2-3-1";"1.597";"1:5";"WM-Qualifikation Europa";"polen"
"Gruppe H";"Fr. 11.10.2013";"20:00";"A";"";"Ukraine";"4-2-3-1";"39.136";"1:0";"WM-Qualifikation Europa";"polen"
"Gruppe H";"Di. 15.10.2013";"21:00";"A";"";"England";"4-2-3-1";"85.186";"2:0";"WM-Qualifikation Europa";"polen"
"Gruppe E";"So. 04.09.2016";"18:00";"A";"";"Kasachstan";"4-4-2 doppel 6";"19.905";"2:2";"WM-Qualifikation Europa";"polen"
"Gruppe E";"Sa. 08.10.2016";"20:45";"H";"";"Dänemark";"4-4-2 doppel 6";"56.811";"3:2";"WM-Qualifikation Europa";"polen"
"Gruppe E";"Di. 11.10.2016";"20:45";"H";"";"Armenien";"4-4-2 doppel 6";"44.786";"2:1";"WM-Qualifikation Europa";"polen"
"Gruppe E";"Fr. 11.11.2016";"20:45";"A";"";"Rumänien";"4-1-4-1";"48.531";"0:3";"WM-Qualifikation Europa";"polen"
"Gruppe E";"So. 26.03.2017";"20:45";"A";"";"Montenegro";"4-2-3-1";"10.439";"1:2";"WM-Qualifikation Europa";"polen"
"Gruppe E";"Sa. 10.06.2017";"20:45";"H";"";"Rumänien";"4-2-3-1";"57.128";"3:1";"WM-Qualifikation Europa";"polen"
"Gruppe E";"Fr. 01.09.2017";"20:45";"A";"";"Dänemark";"4-4-1-1";"34.570";"4:0";"WM-Qualifikation Europa";"polen"
"Gruppe E";"Mo. 04.09.2017";"20:45";"H";"";"Kasachstan";"4-4-2 doppel 6";"56.963";"3:0";"WM-Qualifikation Europa";"polen"
"Gruppe E";"Do. 05.10.2017";"18:00";"A";"";"Armenien";"4-2-3-1";"5.478";"1:6";"WM-Qualifikation Europa";"polen"
"Gruppe E";"So. 08.10.2017";"18:00";"H";"";"Montenegro";"4-4-1-1";"57.538";"4:2";"WM-Qualifikation Europa";"polen"
"Gruppe I";"Do. 25.03.2021";"20:45";"A";"";"Ungarn";"3-5-2 flach";"x";"3:3";"WM-Qualifikation Europa";"polen"
"Gruppe I";"So. 28.03.2021";"20:45";"H";"";"Andorra";"4-4-2 Raute";"x";"3:0";"WM-Qualifikation Europa";"polen"
"Gruppe I";"Mi. 31.03.2021";"20:45";"A";"";"England";"3-5-2 flach";"x";"2:1";"WM-Qualifikation Europa";"polen"
"Gruppe I";"Do. 02.09.2021";"20:45";"H";"";"Albanien";"4-4-2 doppel 6";"38.254";"4:1";"WM-Qualifikation Europa";"polen"
"Gruppe I";"So. 05.09.2021";"20:45";"A";"";"San Marino";"3-5-2 flach";"500";"1:7";"WM-Qualifikation Europa";"polen"
"Gruppe I";"Mi. 08.09.2021";"20:45";"H";"";"England";"3-5-2 flach";"56.212";"1:1";"WM-Qualifikation Europa";"polen"
"Gruppe I";"Sa. 09.10.2021";"20:45";"H";"";"San Marino";"3-5-2 flach";"56.128";"5:0";"WM-Qualifikation Europa";"polen"
"Gruppe I";"Di. 12.10.2021";"20:45";"A";"";"Albanien";"3-5-2";"21.000";"0:1";"WM-Qualifikation Europa";"polen"
"Gruppe I";"Fr. 12.11.2021";"20:45";"A";"";"Andorra";"3-4-1-2";"1.049";"1:4";"WM-Qualifikation Europa";"polen"
"Gruppe I";"Mo. 15.11.2021";"20:45";"H";"";"Ungarn";"3-5-2";"56.197";"1:2";"WM-Qualifikation Europa";"polen"
"Gruppe E";"Fr. 07.09.2012";"20:30";"A";"";"Slowenien";"4-2-3-1";"14.000";"0:2";"WM-Qualifikation Europa";"schweiz"
"Gruppe E";"Di. 11.09.2012";"20:30";"H";"";"Albanien";"4-2-3-1";"16.500";"2:0";"WM-Qualifikation Europa";"schweiz"
"Gruppe E";"Fr. 12.10.2012";"20:30";"H";"";"Norwegen";"4-2-3-1";"30.172";"1:1";"WM-Qualifikation Europa";"schweiz"
"Gruppe E";"Di. 16.10.2012";"20:30";"A";"";"Island";"4-2-3-1";"8.369";"0:2";"WM-Qualifikation Europa";"schweiz"
"Gruppe E";"Sa. 23.03.2013";"17:30";"A";"";"Zypern";"4-2-3-1";"2.045";"0:0";"WM-Qualifikation Europa";"schweiz"
"Gruppe E";"Sa. 08.06.2013";"17:30";"H";"";"Zypern";"4-4-2 doppel 6";"16.900";"1:0";"WM-Qualifikation Europa";"schweiz"
"Gruppe E";"Fr. 06.09.2013";"20:30";"H";"";"Island";"4-2-3-1";"26.000";"4:4";"WM-Qualifikation Europa";"schweiz"
"Gruppe E";"Di. 10.09.2013";"19:00";"A";"";"Norwegen";"4-2-3-1";"16.631";"0:2";"WM-Qualifikation Europa";"schweiz"
"Gruppe E";"Fr. 11.10.2013";"20:30";"A";"";"Albanien";"4-2-3-1";"14.000";"1:2";"WM-Qualifikation Europa";"schweiz"
"Gruppe E";"Di. 15.10.2013";"20:00";"H";"";"Slowenien";"4-2-3-1";"22.014";"1:0";"WM-Qualifikation Europa";"schweiz"
"Gruppe B";"Di. 06.09.2016";"20:45";"H";"";"Portugal";"4-2-3-1";"36.000";"2:0";"WM-Qualifikation Europa";"schweiz"
"Gruppe B";"Fr. 07.10.2016";"20:45";"A";"";"Ungarn";"4-2-3-1";"21.546";"2:3";"WM-Qualifikation Europa";"schweiz"
"Gruppe B";"Mo. 10.10.2016";"20:45";"A";"";"Andorra";"4-2-3-1";"2.014";"1:2";"WM-Qualifikation Europa";"schweiz"
"Gruppe B";"So. 13.11.2016";"18:00";"H";"";"Färöer";"4-2-3-1";"14.500";"2:0";"WM-Qualifikation Europa";"schweiz"
"Gruppe B";"Sa. 25.03.2017";"18:00";"H";"";"Lettland";"4-2-3-1";"25.000";"1:0";"WM-Qualifikation Europa";"schweiz"
"Gruppe B";"Fr. 09.06.2017";"20:45";"A";"";"Färöer";"4-3-3 offensiv";"4.593";"0:2";"WM-Qualifikation Europa";"schweiz"
"Gruppe B";"Do. 31.08.2017";"20:45";"H";"";"Andorra";"4-2-3-1";"13.600";"3:0";"WM-Qualifikation Europa";"schweiz"
"Gruppe B";"So. 03.09.2017";"20:45";"A";"";"Lettland";"4-2-3-1";"7.587";"0:3";"WM-Qualifikation Europa";"schweiz"
"Gruppe B";"Sa. 07.10.2017";"20:45";"H";"";"Ungarn";"4-2-3-1";"32.018";"5:2";"WM-Qualifikation Europa";"schweiz"
"Gruppe B";"Di. 10.10.2017";"20:45";"A";"";"Portugal";"4-2-3-1";"61.566";"2:0";"WM-Qualifikation Europa";"schweiz"
"Gruppe C";"Do. 25.03.2021";"18:00";"A";"";"Bulgarien";"3-4-1-2";"x";"1:3";"WM-Qualifikation Europa";"schweiz"
"Gruppe C";"So. 28.03.2021";"20:45";"H";"";"Litauen";"4-4-2 doppel 6";"x";"1:0";"WM-Qualifikation Europa";"schweiz"
"Gruppe C";"So. 05.09.2021";"20:45";"H";"";"Italien";"4-3-2-1";"31.500";"0:0";"WM-Qualifikation Europa";"schweiz"
"Gruppe C";"Mi. 08.09.2021";"20:45";"A";"";"Nordirland";"4-3-2-1";"15.660";"0:0";"WM-Qualifikation Europa";"schweiz"
"Gruppe C";"Sa. 09.10.2021";"20:45";"H";"";"Nordirland";"4-2-3-1";"19.129";"2:0";"WM-Qualifikation Europa";"schweiz"
"Gruppe C";"Di. 12.10.2021";"20:45";"A";"";"Litauen";"4-2-3-1";"1.806";"0:4";"WM-Qualifikation Europa";"schweiz"
"Gruppe C";"Fr. 12.11.2021";"20:45";"A";"";"Italien";"4-2-3-1";"45.699";"1:1";"WM-Qualifikation Europa";"schweiz"
"Gruppe C";"Mo. 15.11.2021";"20:45";"H";"";"Bulgarien";"4-2-3-1";"14.333";"4:0";"WM-Qualifikation Europa";"schweiz"
"Gruppe A";"Fr. 07.09.2012";"20:45";"H";"";"Belgien";"4-4-2 Raute";"20.156";"0:2";"WM-Qualifikation Europa";"wales"
"Gruppe A";"Di. 11.09.2012";"20:30";"A";"";"Serbien";"4-4-2";"10.660";"6:1";"WM-Qualifikation Europa";"wales"
"Gruppe A";"Fr. 12.10.2012";"20:45";"H";"";"Schottland";"4-1-4-1";"23.249";"2:1";"WM-Qualifikation Europa";"wales"
"Gruppe A";"Di. 16.10.2012";"20:00";"A";"";"Kroatien";"4-5-1 flach";"19.500";"2:0";"WM-Qualifikation Europa";"wales"
"Gruppe A";"Fr. 22.03.2013";"21:00";"A";"";"Schottland";"4-2-3-1";"39.365";"1:2";"WM-Qualifikation Europa";"wales"
"Gruppe A";"Di. 26.03.2013";"20:45";"H";"";"Kroatien";"4-4-2 Raute";"12.534";"1:2";"WM-Qualifikation Europa";"wales"
"Gruppe A";"Fr. 06.09.2013";"19:00";"A";"";"Mazedonien";"4-5-1";"18.000";"2:1";"WM-Qualifikation Europa";"wales"
"Gruppe A";"Di. 10.09.2013";"20:45";"H";"";"Serbien";"4-2-3-1";"10.923";"0:3";"WM-Qualifikation Europa";"wales"
"Gruppe A";"Fr. 11.10.2013";"20:45";"H";"";"Mazedonien";"4-1-4-1";"11.257";"1:0";"WM-Qualifikation Europa";"wales"
"Gruppe A";"Di. 15.10.2013";"21:00";"A";"";"Belgien";"4-2-3-1";"45.401";"1:1";"WM-Qualifikation Europa";"wales"
"Gruppe D";"Mo. 05.09.2016";"20:45";"H";"";"Moldawien";"5-3-2";"31.731";"4:0";"WM-Qualifikation Europa";"wales"
"Gruppe D";"Do. 06.10.2016";"20:45";"A";"";"Österreich";"3-5-2";"44.200";"2:2";"WM-Qualifikation Europa";"wales"
"Gruppe D";"So. 09.10.2016";"18:00";"H";"";"Georgien";"5-3-2";"32.652";"1:1";"WM-Qualifikation Europa";"wales"
"Gruppe D";"Sa. 12.11.2016";"20:45";"H";"";"Serbien";"4-4-2";"32.879";"1:1";"WM-Qualifikation Europa";"wales"
"Gruppe D";"Fr. 24.03.2017";"20:45";"A";"";"Irland";"3-5-2";"49.989";"0:0";"WM-Qualifikation Europa";"wales"
"Gruppe D";"So. 11.06.2017";"20:45";"A";"";"Serbien";"5-4-1 flach";"46.673";"1:1";"WM-Qualifikation Europa";"wales"
"Gruppe D";"Sa. 02.09.2017";"20:45";"H";"";"Österreich";"5-4-1 flach";"33.280";"1:0";"WM-Qualifikation Europa";"wales"
"Gruppe D";"Di. 05.09.2017";"20:45";"A";"";"Moldawien";"4-2-3-1";"10.272";"0:2";"WM-Qualifikation Europa";"wales"
"Gruppe D";"Fr. 06.10.2017";"18:00";"A";"";"Georgien";"4-4-1-1";"22.290";"0:1";"WM-Qualifikation Europa";"wales"
"Gruppe D";"Mo. 09.10.2017";"20:45";"H";"";"Irland";"4-4-1-1";"32.711";"0:1";"WM-Qualifikation Europa";"wales"
"Gruppe E";"Mi. 24.03.2021";"20:45";"A";"";"Belgien";"3-4-3 flach";"x";"3:1";"WM-Qualifikation Europa";"wales"
"Gruppe E";"Di. 30.03.2021";"20:45";"H";"";"Tschechien";"5-4-1 flach";"x";"1:0";"WM-Qualifikation Europa";"wales"
"Gruppe E";"So. 05.09.2021";"15:00";"A";"";"Belarus";"4-2-3-1";"x";"2:3";"WM-Qualifikation Europa";"wales"
"Gruppe E";"Mi. 08.09.2021";"20:45";"H";"";"Estland";"4-2-3-1";"21.624";"0:0";"WM-Qualifikation Europa";"wales"
"Gruppe E";"Fr. 08.10.2021";"20:45";"A";"";"Tschechien";"5-3-2";"16.856";"2:2";"WM-Qualifikation Europa";"wales"
"Gruppe E";"Mo. 11.10.2021";"20:45";"A";"";"Estland";"3-1-4-2";"5.118";"0:1";"WM-Qualifikation Europa";"wales"
"Gruppe E";"Sa. 13.11.2021";"20:45";"H";"";"Belarus";"3-1-4-2";"27.127";"5:1";"WM-Qualifikation Europa";"wales"
"Gruppe E";"Di. 16.11.2021";"20:45";"H";"";"Belgien";"3-4-1-2";"32.270";"1:1";"WM-Qualifikation Europa";"wales"
